hidden,hit,hidden_freq,basket_size,freq_bucket,basket_bucket
85048,False,358,8,500-5000 (phổ biến),4-10
22089,False,383,30,500-5000 (phổ biến),11-30
20829,False,341,58,500-5000 (phổ biến),>30
22154,False,227,32,500-5000 (phổ biến),>30
84946,True,1220,4,>5000,4-10
20967,False,194,30,500-5000 (phổ biến),11-30
22086,True,1413,17,>5000,11-30
72756,False,86,8,150-500 (vừa),4-10
22149,False,965,24,>5000,11-30
21955,False,527,35,>5000,>30
35400,False,280,40,500-5000 (phổ biến),>30
15044D,True,152,4,500-5000 (phổ biến),4-10
21504,False,227,20,500-5000 (phổ biến),11-30
20966,True,279,7,500-5000 (phổ biến),4-10
21820,True,123,8,150-500 (vừa),4-10
22085,False,159,14,500-5000 (phổ biến),11-30
22130,False,295,44,500-5000 (phổ biến),>30
22086,True,1413,2,>5000,2-3
20828,False,406,43,500-5000 (phổ biến),>30
22338,False,186,424,500-5000 (phổ biến),>30
47591D,True,750,5,>5000,4-10
20682,False,412,22,500-5000 (phổ biến),11-30
22149,False,965,3,>5000,2-3
85063,False,122,2,150-500 (vừa),2-3
21693,False,84,17,150-500 (vừa),11-30
84270,False,319,2,500-5000 (phổ biến),2-3
48187,False,893,12,>5000,11-30
20970,True,399,27,500-5000 (phổ biến),11-30
79321,False,793,34,>5000,>30
21931,True,1611,6,>5000,4-10
21936,False,710,15,>5000,11-30
21739,False,118,74,150-500 (vừa),>30
22170,False,403,20,500-5000 (phổ biến),11-30
21484,False,598,20,>5000,11-30
21507,False,430,76,500-5000 (phổ biến),>30
21523,False,777,2,>5000,2-3
22114,False,1099,34,>5000,>30
20703,False,126,8,150-500 (vừa),4-10
21777,False,258,7,500-5000 (phổ biến),4-10
21156,False,649,53,>5000,>30
84836,False,1014,20,>5000,11-30
21589,False,63,46,150-500 (vừa),>30
22146,False,77,16,150-500 (vừa),11-30
21803,True,204,36,500-5000 (phổ biến),>30
85231G,True,161,21,500-5000 (phổ biến),11-30
21882,False,83,32,150-500 (vừa),>30
85066,False,617,9,>5000,4-10
22139,False,1435,19,>5000,11-30
21212,True,2201,12,>5000,11-30
21112,False,121,21,150-500 (vừa),11-30
21593,False,68,29,150-500 (vừa),11-30
37503,False,374,24,500-5000 (phổ biến),11-30
20734,False,83,49,150-500 (vừa),>30
20685,False,1213,24,>5000,11-30
21314,False,719,39,>5000,>30
79323P,True,180,18,500-5000 (phổ biến),11-30
85035A,False,124,14,150-500 (vừa),11-30
85231L,False,80,34,150-500 (vừa),>30
20724,True,1419,8,>5000,4-10
15056BL,True,580,15,>5000,11-30
21181,True,1269,42,>5000,>30
85123A,True,3809,17,>5000,11-30
10133,False,190,10,500-5000 (phổ biến),4-10
21903,True,282,15,500-5000 (phổ biến),11-30
85099F,True,1271,8,>5000,4-10
21888,False,574,54,>5000,>30
22114,True,1099,5,>5000,4-10
22111,False,1180,544,>5000,>30
85048,False,358,3,500-5000 (phổ biến),2-3
82482,True,1389,40,>5000,>30
21498,True,562,9,>5000,4-10
21464,False,155,14,500-5000 (phổ biến),11-30
82600,False,855,49,>5000,>30
21781,False,248,153,500-5000 (phổ biến),>30
22273,False,569,15,>5000,11-30
20780,False,67,13,150-500 (vừa),11-30
21931,True,1611,23,>5000,11-30
21832,False,320,6,500-5000 (phổ biến),4-10
21249,False,196,8,500-5000 (phổ biến),4-10
20717,False,525,15,>5000,11-30
84970S,False,1002,5,>5000,4-10
21326,False,426,8,500-5000 (phổ biến),4-10
21556,False,194,5,500-5000 (phổ biến),4-10
22271,True,551,12,>5000,11-30
22198,False,434,17,500-5000 (phổ biến),11-30
84978,False,1028,32,>5000,>30
85014D,False,68,4,150-500 (vừa),4-10
20724,True,1419,34,>5000,>30
20773,False,77,67,150-500 (vừa),>30
22035,False,251,44,500-5000 (phổ biến),>30
72760B,False,349,2,500-5000 (phổ biến),2-3
48194,True,970,7,>5000,4-10
84879,False,1977,26,>5000,11-30
82482,True,1389,20,>5000,11-30
21108,False,434,10,500-5000 (phổ biến),4-10
85099B,True,2782,5,>5000,4-10
22123,False,118,23,150-500 (vừa),11-30
21464,True,155,2,500-5000 (phổ biến),2-3
21326,False,426,23,500-5000 (phổ biến),11-30
22114,False,1099,4,>5000,4-10
84880,False,275,12,500-5000 (phổ biến),11-30
22295,False,502,19,>5000,11-30
79323W,True,232,2,500-5000 (phổ biến),2-3
40001,False,85,18,150-500 (vừa),11-30
84032A,True,445,35,500-5000 (phổ biến),>30
22197,True,1654,10,>5000,4-10
21821,True,98,18,150-500 (vừa),11-30
22125,False,134,23,150-500 (vừa),11-30
85174,False,246,10,500-5000 (phổ biến),4-10
20754,False,576,10,>5000,4-10
21668,True,573,8,>5000,4-10
21292,False,61,21,150-500 (vừa),11-30
22208,False,281,25,500-5000 (phổ biến),11-30
84992,True,1023,16,>5000,11-30
22112,True,1211,8,>5000,4-10
21579,False,78,22,150-500 (vừa),11-30
21888,False,574,41,>5000,>30
21429,True,692,48,>5000,>30
21985,False,632,44,>5000,>30
21586,False,165,30,500-5000 (phổ biến),11-30
21620,True,145,8,150-500 (vừa),4-10
21210,True,792,18,>5000,11-30
85123A,True,3809,34,>5000,>30
85123A,False,3809,15,>5000,11-30
21843,False,1097,43,>5000,>30
21706,False,165,27,500-5000 (phổ biến),11-30
21955,False,527,13,>5000,11-30
22112,False,1211,16,>5000,11-30
21577,True,330,24,500-5000 (phổ biến),11-30
72817,False,141,18,150-500 (vừa),11-30
20728,True,1444,27,>5000,11-30
85212,False,82,23,150-500 (vừa),11-30
21548,True,75,17,150-500 (vừa),11-30
85152,True,1047,25,>5000,11-30
21845,False,112,16,150-500 (vừa),11-30
21955,False,527,2,>5000,2-3
21888,False,574,20,>5000,11-30
21908,False,661,15,>5000,11-30
21212,True,2201,4,>5000,4-10
20685,False,1213,4,>5000,4-10
21179,False,368,27,500-5000 (phổ biến),11-30
47566,False,1824,75,>5000,>30
72756,False,86,24,150-500 (vừa),11-30
21843,True,1097,28,>5000,11-30
21494,True,345,41,500-5000 (phổ biến),>30
21883,False,147,9,150-500 (vừa),4-10
85099C,True,1279,8,>5000,4-10
21485,True,959,6,>5000,4-10
20981,False,352,7,500-5000 (phổ biến),4-10
79321,False,793,10,>5000,4-10
21524,False,800,20,>5000,11-30
21447,False,234,5,500-5000 (phổ biến),4-10
20992,False,314,12,500-5000 (phổ biến),11-30
21624,False,282,14,500-5000 (phổ biến),11-30
21581,False,140,10,150-500 (vừa),4-10
84029E,False,794,46,>5000,>30
21485,False,959,47,>5000,>30
22180,False,295,2,500-5000 (phổ biến),2-3
84929,False,61,47,150-500 (vừa),>30
22111,True,1180,12,>5000,11-30
21194,False,63,48,150-500 (vừa),>30
84832,False,447,11,500-5000 (phổ biến),11-30
22145,False,141,36,150-500 (vừa),>30
22301,False,441,8,500-5000 (phổ biến),4-10
21749,False,183,27,500-5000 (phổ biến),11-30
20727,False,1638,8,>5000,4-10
21000,False,69,12,150-500 (vừa),11-30
72802C,False,190,6,500-5000 (phổ biến),4-10
21035,True,656,11,>5000,11-30
22220,False,189,26,500-5000 (phổ biến),11-30
21700,False,374,19,500-5000 (phổ biến),11-30
22275,False,220,8,500-5000 (phổ biến),4-10
79323W,True,232,2,500-5000 (phổ biến),2-3
84828,False,228,30,500-5000 (phổ biến),11-30
20723,True,950,6,>5000,4-10
22355,True,1196,5,>5000,4-10
84970L,True,756,20,>5000,11-30
85059,False,141,38,150-500 (vừa),>30
85123A,True,3809,25,>5000,11-30
84050,False,507,21,>5000,11-30
72807C,True,242,4,500-5000 (phổ biến),4-10
20692,False,99,5,150-500 (vừa),4-10
22314,False,176,36,500-5000 (phổ biến),>30
15056P,True,237,13,500-5000 (phổ biến),11-30
85123A,True,3809,36,>5000,>30
84559A,False,168,35,500-5000 (phổ biến),>30
15056BL,False,580,22,>5000,11-30
90062,False,66,21,150-500 (vừa),11-30
21903,False,282,3,500-5000 (phổ biến),2-3
21498,False,562,15,>5000,11-30
21790,True,1307,18,>5000,11-30
20914,False,1415,6,>5000,4-10
21621,False,926,3,>5000,2-3
21756,False,420,98,500-5000 (phổ biến),>30
22246,False,126,169,150-500 (vừa),>30
21832,False,320,4,500-5000 (phổ biến),4-10
21499,True,347,16,500-5000 (phổ biến),11-30
84945,False,470,50,500-5000 (phổ biến),>30
85014D,False,68,7,150-500 (vừa),4-10
85114B,False,164,5,500-5000 (phổ biến),4-10
82483,True,801,10,>5000,4-10
21100,False,179,130,500-5000 (phổ biến),>30
85152,False,1047,49,>5000,>30
21928,True,1097,2,>5000,2-3
22070,False,219,40,500-5000 (phổ biến),>30
82486,False,903,3,>5000,2-3
21094,False,712,43,>5000,>30
21485,False,959,13,>5000,11-30
82482,True,1389,50,>5000,>30
48116,False,350,41,500-5000 (phổ biến),>30
72741,False,629,12,>5000,11-30
85123A,True,3809,9,>5000,4-10
21181,False,1269,8,>5000,4-10
21488,False,255,29,500-5000 (phổ biến),11-30
48129,True,384,9,500-5000 (phổ biến),4-10
21535,True,780,29,>5000,11-30
79302M,False,80,14,150-500 (vừa),11-30
21871,False,536,25,>5000,11-30
21976,True,668,22,>5000,11-30
21432,False,165,22,500-5000 (phổ biến),11-30
85123A,True,3809,2,>5000,2-3
21485,False,959,6,>5000,4-10
21348,False,87,31,150-500 (vừa),>30
84596K,False,60,39,60-150 (hiếm),>30
22189,False,928,5,>5000,4-10
46776B,True,99,18,150-500 (vừa),11-30
21155,False,661,22,>5000,11-30
20685,True,1213,8,>5000,4-10
21123,False,179,18,500-5000 (phổ biến),11-30
21485,True,959,10,>5000,4-10
85123A,True,3809,2,>5000,2-3
21100,False,179,200,500-5000 (phổ biến),>30
22358,True,422,2,500-5000 (phổ biến),2-3
20712,True,984,2,>5000,2-3
21542,False,131,59,150-500 (vừa),>30
47568,False,275,20,500-5000 (phổ biến),11-30
22227,True,456,16,500-5000 (phổ biến),11-30
21610,True,67,4,150-500 (vừa),4-10
22079,False,495,22,500-5000 (phổ biến),11-30
72741,False,629,8,>5000,4-10
21094,True,712,38,>5000,>30
84375,False,554,21,>5000,11-30
84968F,False,83,331,150-500 (vừa),>30
22281,False,96,16,150-500 (vừa),11-30
22064,True,472,12,500-5000 (phổ biến),11-30
21668,False,573,40,>5000,>30
22189,True,928,20,>5000,11-30
22283,False,268,117,500-5000 (phổ biến),>30
84832,False,447,39,500-5000 (phổ biến),>30
21791,True,914,29,>5000,11-30
21715,False,316,10,500-5000 (phổ biến),4-10
85232B,False,381,9,500-5000 (phổ biến),4-10
72349B,False,206,11,500-5000 (phổ biến),11-30
85123A,False,3809,7,>5000,4-10
21985,False,632,28,>5000,11-30
21156,True,649,17,>5000,11-30
21314,False,719,15,>5000,11-30
22125,False,134,28,150-500 (vừa),11-30
79160,False,147,35,150-500 (vừa),>30
21955,False,527,19,>5000,11-30
84378,False,868,52,>5000,>30
21391,False,119,41,150-500 (vừa),>30
84968B,True,96,5,150-500 (vừa),4-10
85123A,False,3809,14,>5000,11-30
84991,True,1455,10,>5000,4-10
21485,False,959,8,>5000,4-10
48173C,False,351,12,500-5000 (phổ biến),11-30
21871,False,536,31,>5000,>30
84510B,False,101,17,150-500 (vừa),11-30
21240,True,528,35,>5000,>30
84520B,False,519,28,>5000,11-30
21257,False,371,11,500-5000 (phổ biến),11-30
84854,False,80,6,150-500 (vừa),4-10
22085,False,159,36,500-5000 (phổ biến),>30
84837,False,110,15,150-500 (vừa),11-30
84270,False,319,20,500-5000 (phổ biến),11-30
21121,True,606,9,>5000,4-10
70006,False,206,36,500-5000 (phổ biến),>30
84077,False,699,29,>5000,11-30
20692,False,99,15,150-500 (vừa),11-30
79323P,False,180,18,500-5000 (phổ biến),11-30
84949,False,463,8,500-5000 (phổ biến),4-10
21622,False,448,23,500-5000 (phổ biến),11-30
48194,False,970,40,>5000,>30
37449,False,315,15,500-5000 (phổ biến),11-30
21889,True,777,20,>5000,11-30
21610,False,67,28,150-500 (vừa),11-30
20725,True,2130,35,>5000,>30
85035B,True,79,3,150-500 (vừa),2-3
21733,False,1257,50,>5000,>30
85123A,True,3809,19,>5000,11-30
22114,False,1099,24,>5000,11-30
22415,False,144,29,150-500 (vừa),11-30
21658,False,360,6,500-5000 (phổ biến),4-10
21928,False,1097,35,>5000,>30
79323W,False,232,38,500-5000 (phổ biến),>30
20682,False,412,41,500-5000 (phổ biến),>30
21531,False,552,66,>5000,>30
22131,False,473,21,500-5000 (phổ biến),11-30
84946,True,1220,16,>5000,11-30
21211,False,165,41,500-5000 (phổ biến),>30
82552,False,559,40,>5000,>30
21523,False,777,19,>5000,11-30
84849B,False,207,165,500-5000 (phổ biến),>30
21754,False,1456,10,>5000,4-10
22100,False,90,26,150-500 (vừa),11-30
22326,True,949,21,>5000,11-30
21445,False,94,24,150-500 (vừa),11-30
21042,False,288,11,500-5000 (phổ biến),11-30
20703,False,126,37,150-500 (vừa),>30
21989,False,457,45,500-5000 (phổ biến),>30
21212,True,2201,46,>5000,>30
21390,False,433,61,500-5000 (phổ biến),>30
85099C,True,1279,3,>5000,2-3
20750,False,632,31,>5000,>30
22134,False,208,6,500-5000 (phổ biến),4-10
48138,False,1160,32,>5000,>30
21523,False,777,29,>5000,11-30
47556B,False,322,52,500-5000 (phổ biến),>30
21243,True,346,6,500-5000 (phổ biến),4-10
72760B,False,349,14,500-5000 (phổ biến),11-30
22358,False,422,26,500-5000 (phổ biến),11-30
85040A,False,278,59,500-5000 (phổ biến),>30
72741,False,629,25,>5000,11-30
22109,False,432,18,500-5000 (phổ biến),11-30
15056BL,False,580,12,>5000,11-30
21498,False,562,4,>5000,4-10
21756,False,420,16,500-5000 (phổ biến),11-30
21486,False,196,29,500-5000 (phổ biến),11-30
21212,True,2201,12,>5000,11-30
84946,False,1220,5,>5000,4-10
22267,False,85,40,150-500 (vừa),>30
48116,False,350,12,500-5000 (phổ biến),11-30
16156S,False,311,19,500-5000 (phổ biến),11-30
84992,True,1023,31,>5000,>30
21500,False,364,68,500-5000 (phổ biến),>30
22114,True,1099,17,>5000,11-30
22301,True,441,13,500-5000 (phổ biến),11-30
21875,False,293,6,500-5000 (phổ biến),4-10
72351B,False,341,35,500-5000 (phổ biến),>30
22116,False,141,57,150-500 (vừa),>30
21426,False,72,15,150-500 (vừa),11-30
22138,False,1344,6,>5000,4-10
84519B,True,152,8,500-5000 (phổ biến),4-10
82486,True,903,13,>5000,11-30
20676,True,696,10,>5000,4-10
22066,False,195,16,500-5000 (phổ biến),11-30
48111,True,498,6,500-5000 (phổ biến),4-10
21947,False,212,19,500-5000 (phổ biến),11-30
48129,False,384,118,500-5000 (phổ biến),>30
21791,True,914,20,>5000,11-30
20677,False,516,4,>5000,4-10
21165,True,686,21,>5000,11-30
21733,False,1257,6,>5000,4-10
22236,False,290,7,500-5000 (phổ biến),4-10
20972,True,1008,24,>5000,11-30
85123A,True,3809,12,>5000,11-30
15056P,False,237,16,500-5000 (phổ biến),11-30
84510B,False,101,18,150-500 (vừa),11-30
21188,False,79,12,150-500 (vừa),11-30
21826,True,165,4,500-5000 (phổ biến),4-10
21481,True,690,4,>5000,4-10
22379,True,1108,21,>5000,11-30
37449,False,315,13,500-5000 (phổ biến),11-30
22291,True,190,12,500-5000 (phổ biến),11-30
16161P,False,304,20,500-5000 (phổ biến),11-30
22366,False,400,8,500-5000 (phổ biến),4-10
84879,False,1977,24,>5000,11-30
85186A,True,112,17,150-500 (vừa),11-30
21041,False,360,39,500-5000 (phổ biến),>30
20754,False,576,21,>5000,11-30
21754,False,1456,12,>5000,11-30
84978,True,1028,3,>5000,2-3
84832,False,447,12,500-5000 (phổ biến),11-30
21069,False,196,158,500-5000 (phổ biến),>30
20750,False,632,19,>5000,11-30
47566B,False,534,25,>5000,11-30
21561,False,356,26,500-5000 (phổ biến),11-30
85175,False,318,10,500-5000 (phổ biến),4-10
84050,False,507,23,>5000,11-30
22085,False,159,12,500-5000 (phổ biến),11-30
22379,True,1108,11,>5000,11-30
48111,False,498,8,500-5000 (phổ biến),4-10
22147,True,795,17,>5000,11-30
85123A,True,3809,13,>5000,11-30
21212,True,2201,18,>5000,11-30
15044D,False,152,5,500-5000 (phổ biến),4-10
20728,False,1444,58,>5000,>30
72800E,False,201,12,500-5000 (phổ biến),11-30
85047,False,162,19,500-5000 (phổ biến),11-30
21135,False,276,34,500-5000 (phổ biến),>30
82580,True,944,61,>5000,>30
20768,False,101,13,150-500 (vừa),11-30
22379,True,1108,9,>5000,4-10
22371,True,461,9,500-5000 (phổ biến),4-10
16014,False,64,21,150-500 (vừa),11-30
21931,True,1611,14,>5000,11-30
21212,True,2201,10,>5000,4-10
84990,False,137,22,150-500 (vừa),11-30
20685,True,1213,17,>5000,11-30
21243,True,346,5,500-5000 (phổ biến),4-10
84937,False,83,3,150-500 (vừa),2-3
22181,False,91,9,150-500 (vừa),4-10
21390,False,433,36,500-5000 (phổ biến),>30
21385,True,500,7,500-5000 (phổ biến),4-10
22357,False,307,53,500-5000 (phổ biến),>30
21171,False,183,48,500-5000 (phổ biến),>30
85206B,True,123,13,150-500 (vừa),11-30
22272,False,209,27,500-5000 (phổ biến),11-30
84755,False,856,10,>5000,4-10
21837,False,62,12,150-500 (vừa),11-30
84247L,False,81,9,150-500 (vừa),4-10
21071,False,331,16,500-5000 (phổ biến),11-30
22352,False,787,114,>5000,>30
15036,False,693,5,>5000,4-10
22269,False,138,16,150-500 (vừa),11-30
22327,False,447,51,500-5000 (phổ biến),>30
22078,False,342,16,500-5000 (phổ biến),11-30
21174,True,802,40,>5000,>30
35810A,False,117,36,150-500 (vừa),>30
22379,True,1108,29,>5000,11-30
84691,False,154,116,500-5000 (phổ biến),>30
21870,False,443,10,500-5000 (phổ biến),4-10
15044D,True,152,5,500-5000 (phổ biến),4-10
21239,True,525,23,>5000,11-30
21695,False,74,27,150-500 (vừa),11-30
22303,False,388,7,500-5000 (phổ biến),4-10
21531,True,552,19,>5000,11-30
22146,False,77,18,150-500 (vừa),11-30
22379,True,1108,12,>5000,11-30
21330,False,132,14,150-500 (vừa),11-30
82551,False,510,15,>5000,11-30
21417,False,92,6,150-500 (vừa),4-10
21172,False,670,2,>5000,2-3
21923,False,89,13,150-500 (vừa),11-30
85152,True,1047,11,>5000,11-30
20685,True,1213,14,>5000,11-30
21155,False,661,39,>5000,>30
22208,True,281,35,500-5000 (phổ biến),>30
21928,True,1097,28,>5000,11-30
20685,False,1213,55,>5000,>30
20969,False,423,19,500-5000 (phổ biến),11-30
22432,True,352,6,500-5000 (phổ biến),4-10
21421,True,66,2,150-500 (vừa),2-3
20975,False,618,18,>5000,11-30
21213,True,1035,14,>5000,11-30
21216,False,559,155,>5000,>30
21116,False,366,2,500-5000 (phổ biến),2-3
10002,False,242,18,500-5000 (phổ biến),11-30
84978,False,1028,15,>5000,11-30
85086A,False,98,27,150-500 (vừa),11-30
22178,False,1269,15,>5000,11-30
22268,True,174,29,500-5000 (phổ biến),11-30
46000S,False,235,20,500-5000 (phổ biến),11-30
84378,False,868,14,>5000,11-30
20725,True,2130,4,>5000,4-10
21285,False,67,16,150-500 (vừa),11-30
84520B,False,519,10,>5000,4-10
22173,True,716,16,>5000,11-30
85123A,True,3809,3,>5000,2-3
21791,False,914,4,>5000,4-10
22355,True,1196,41,>5000,>30
21934,True,503,3,>5000,2-3
21212,True,2201,20,>5000,11-30
22380,False,476,21,500-5000 (phổ biến),11-30
21735,False,183,34,500-5000 (phổ biến),>30
20914,False,1415,20,>5000,11-30
22385,False,876,2,>5000,2-3
21755,False,1204,189,>5000,>30
84978,False,1028,3,>5000,2-3
21156,True,649,14,>5000,11-30
22246,False,126,22,150-500 (vừa),11-30
21533,False,692,24,>5000,11-30
21260,False,362,16,500-5000 (phổ biến),11-30
85206B,False,123,48,150-500 (vừa),>30
21039,False,155,88,500-5000 (phổ biến),>30
21217,False,628,29,>5000,11-30
21580,False,104,31,150-500 (vừa),>30
21670,True,531,12,>5000,11-30
22384,False,1504,43,>5000,>30
21651,False,84,61,150-500 (vừa),>30
21754,False,1456,17,>5000,11-30
21486,False,196,271,500-5000 (phổ biến),>30
37503,False,374,24,500-5000 (phổ biến),11-30
79160,False,147,9,150-500 (vừa),4-10
84676,False,73,42,150-500 (vừa),>30
21232,True,1644,9,>5000,4-10
22386,True,1585,3,>5000,2-3
21754,True,1456,9,>5000,4-10
22383,False,1670,17,>5000,11-30
85123A,False,3809,126,>5000,>30
21242,True,469,2,500-5000 (phổ biến),2-3
21411,False,437,35,500-5000 (phổ biến),>30
22194,False,116,96,150-500 (vừa),>30
22045,False,335,7,500-5000 (phổ biến),4-10
21121,True,606,29,>5000,11-30
85099B,True,2782,243,>5000,>30
21843,True,1097,3,>5000,2-3
84993A,False,116,14,150-500 (vừa),11-30
18098C,False,159,16,500-5000 (phổ biến),11-30
22048,False,72,21,150-500 (vừa),11-30
20981,False,352,14,500-5000 (phổ biến),11-30
21770,False,457,14,500-5000 (phổ biến),11-30
22188,False,408,11,500-5000 (phổ biến),11-30
85231L,False,80,16,150-500 (vừa),11-30
21327,False,349,61,500-5000 (phổ biến),>30
84937,False,83,2,150-500 (vừa),2-3
21232,True,1644,18,>5000,11-30
21548,False,75,30,150-500 (vừa),11-30
21786,False,309,15,500-5000 (phổ biến),11-30
21643,True,136,13,150-500 (vừa),11-30
21544,True,337,12,500-5000 (phổ biến),11-30
84818,False,151,29,500-5000 (phổ biến),11-30
82494L,False,1357,18,>5000,11-30
84937,False,83,7,150-500 (vừa),4-10
21175,True,1177,36,>5000,>30
46775D,False,60,15,60-150 (hiếm),11-30
20748,False,138,12,150-500 (vừa),11-30
85053,False,252,3,500-5000 (phổ biến),2-3
21929,True,1115,4,>5000,4-10
84520B,False,519,9,>5000,4-10
84879,True,1977,11,>5000,11-30
47566,True,1824,5,>5000,4-10
22131,False,473,16,500-5000 (phổ biến),11-30
21906,False,292,4,500-5000 (phổ biến),4-10
85049D,False,273,23,500-5000 (phổ biến),11-30
22115,False,336,217,500-5000 (phổ biến),>30
22236,False,290,16,500-5000 (phổ biến),11-30
82578,False,495,18,500-5000 (phổ biến),11-30
21166,True,1005,28,>5000,11-30
22118,False,194,19,500-5000 (phổ biến),11-30
22271,True,551,17,>5000,11-30
21080,False,1511,13,>5000,11-30
22497,False,181,34,500-5000 (phổ biến),>30
22196,False,687,15,>5000,11-30
22341,True,171,7,500-5000 (phổ biến),4-10
22431,True,417,8,500-5000 (phổ biến),4-10
21745,False,350,23,500-5000 (phổ biến),11-30
22508,False,491,11,500-5000 (phổ biến),11-30
22256,False,83,274,150-500 (vừa),>30
22297,False,689,57,>5000,>30
21354,False,135,21,150-500 (vừa),11-30
22189,False,928,15,>5000,11-30
22509,False,135,8,150-500 (vừa),4-10
22617,True,656,7,>5000,4-10
21755,True,1204,14,>5000,11-30
22507,False,629,18,>5000,11-30
84578,False,75,14,150-500 (vừa),11-30
22372,True,209,7,500-5000 (phổ biến),4-10
21918,False,555,196,>5000,>30
82600,False,855,162,>5000,>30
21610,True,67,11,150-500 (vừa),11-30
72741,False,629,7,>5000,4-10
85188A,False,72,8,150-500 (vừa),4-10
21765,False,94,38,150-500 (vừa),>30
22477,True,187,5,500-5000 (phổ biến),4-10
21918,False,555,46,>5000,>30
21106,False,120,21,150-500 (vừa),11-30
21213,True,1035,6,>5000,4-10
22457,True,1461,41,>5000,>30
22485,False,295,30,500-5000 (phổ biến),11-30
21534,False,241,14,500-5000 (phổ biến),11-30
21326,False,426,7,500-5000 (phổ biến),4-10
22487,False,636,10,>5000,4-10
22457,False,1461,7,>5000,4-10
20725,True,2130,11,>5000,11-30
85040B,False,181,58,500-5000 (phổ biến),>30
72807B,False,150,13,150-500 (vừa),11-30
20971,False,808,27,>5000,11-30
84971S,False,330,16,500-5000 (phổ biến),11-30
84218,False,68,12,150-500 (vừa),11-30
47580,False,230,21,500-5000 (phổ biến),11-30
21034,False,1343,35,>5000,>30
82578,False,495,59,500-5000 (phổ biến),>30
20711,True,749,4,>5000,4-10
84946,False,1220,8,>5000,4-10
20723,True,950,48,>5000,>30
21166,False,1005,9,>5000,4-10
79323LP,False,112,19,150-500 (vừa),11-30
21877,True,534,6,>5000,4-10
22139,True,1435,6,>5000,4-10
85099C,True,1279,16,>5000,11-30
22328,True,805,13,>5000,11-30
22375,True,190,8,500-5000 (phổ biến),4-10
21121,False,606,21,>5000,11-30
22618,False,175,33,500-5000 (phổ biến),>30
84270,False,319,27,500-5000 (phổ biến),11-30
15036,False,693,34,>5000,>30
84459B,True,150,7,150-500 (vừa),4-10
84077,False,699,8,>5000,4-10
84247G,False,72,12,150-500 (vừa),11-30
85123A,True,3809,5,>5000,4-10
84598,False,149,35,150-500 (vừa),>30
72008,False,161,19,500-5000 (phổ biến),11-30
22476,False,187,11,500-5000 (phổ biến),11-30
84991,True,1455,7,>5000,4-10
22442,True,120,2,150-500 (vừa),2-3
16156S,False,311,64,500-5000 (phổ biến),>30
15056BL,True,580,4,>5000,4-10
21232,True,1644,17,>5000,11-30
84792,False,375,100,500-5000 (phổ biến),>30
21871,False,536,2,>5000,2-3
22564,True,245,3,500-5000 (phổ biến),2-3
84078A,False,228,10,500-5000 (phổ biến),4-10
85206A,True,212,5,500-5000 (phổ biến),4-10
22185,False,332,7,500-5000 (phổ biến),4-10
22227,True,456,50,500-5000 (phổ biến),>30
21982,False,527,9,>5000,4-10
21592,False,357,29,500-5000 (phổ biến),11-30
22432,True,352,2,500-5000 (phổ biến),2-3
21770,False,457,16,500-5000 (phổ biến),11-30
82583,True,820,9,>5000,4-10
79323W,False,232,126,500-5000 (phổ biến),>30
79323P,True,180,10,500-5000 (phổ biến),4-10
21519,False,370,7,500-5000 (phổ biến),4-10
21791,False,914,9,>5000,4-10
85053,False,252,36,500-5000 (phổ biến),>30
48188,False,492,12,500-5000 (phổ biến),11-30
15056N,False,720,18,>5000,11-30
22441,False,333,12,500-5000 (phổ biến),11-30
85063,False,122,4,150-500 (vừa),4-10
10002,False,242,25,500-5000 (phổ biến),11-30
21787,True,337,24,500-5000 (phổ biến),11-30
21115,False,314,48,500-5000 (phổ biến),>30
22467,False,750,14,>5000,11-30
84937,False,83,24,150-500 (vừa),11-30
22386,False,1585,10,>5000,4-10
84580,False,312,7,500-5000 (phổ biến),4-10
85206A,False,212,24,500-5000 (phổ biến),11-30
72741,False,629,43,>5000,>30
79320,False,101,54,150-500 (vừa),>30
79323P,True,180,12,500-5000 (phổ biến),11-30
84978,True,1028,11,>5000,11-30
22026,True,247,31,500-5000 (phổ biến),>30
22285,False,192,17,500-5000 (phổ biến),11-30
22061,True,358,2,500-5000 (phổ biến),2-3
21213,True,1035,22,>5000,11-30
22536,False,253,51,500-5000 (phổ biến),>30
21610,False,67,9,150-500 (vừa),4-10
21116,True,366,8,500-5000 (phổ biến),4-10
21523,False,777,19,>5000,11-30
22431,False,417,10,500-5000 (phổ biến),4-10
21330,False,132,15,150-500 (vừa),11-30
21258,False,377,12,500-5000 (phổ biến),11-30
20750,False,632,13,>5000,11-30
21481,False,690,31,>5000,>30
47505,False,129,64,150-500 (vừa),>30
22431,False,417,24,500-5000 (phổ biến),11-30
21186,False,243,16,500-5000 (phổ biến),11-30
22468,False,280,3,500-5000 (phổ biến),2-3
37449,True,315,24,500-5000 (phổ biến),11-30
21527,False,591,10,>5000,4-10
22212,False,585,18,>5000,11-30
47566,False,1824,17,>5000,11-30
21906,False,292,23,500-5000 (phổ biến),11-30
22319,False,122,34,150-500 (vừa),>30
22236,False,290,3,500-5000 (phổ biến),2-3
22423,False,2730,5,>5000,4-10
22563,True,381,3,500-5000 (phổ biến),2-3
22472,False,178,14,500-5000 (phổ biến),11-30
20676,True,696,12,>5000,11-30
21928,False,1097,33,>5000,>30
22568,False,598,17,>5000,11-30
82580,True,944,20,>5000,11-30
22453,False,103,39,150-500 (vừa),>30
22271,True,551,23,>5000,11-30
21756,False,420,75,500-5000 (phổ biến),>30
22468,False,280,18,500-5000 (phổ biến),11-30
22276,False,266,15,500-5000 (phổ biến),11-30
22380,False,476,9,500-5000 (phổ biến),4-10
84791,False,74,11,150-500 (vừa),11-30
21844,False,340,14,500-5000 (phổ biến),11-30
22227,True,456,22,500-5000 (phổ biến),11-30
71053,False,505,31,>5000,>30
22321,False,219,37,500-5000 (phổ biến),>30
21907,True,522,9,>5000,4-10
15056N,True,720,4,>5000,4-10
22497,False,181,12,500-5000 (phổ biến),11-30
22423,True,2730,15,>5000,11-30
21578,False,263,27,500-5000 (phổ biến),11-30
48189,False,199,29,500-5000 (phổ biến),11-30
21181,False,1269,276,>5000,>30
84997C,True,669,4,>5000,4-10
21289,False,68,35,150-500 (vừa),>30
22364,False,228,11,500-5000 (phổ biến),11-30
22530,True,315,11,500-5000 (phổ biến),11-30
22534,True,398,11,500-5000 (phổ biến),11-30
84997D,False,775,5,>5000,4-10
51014C,True,190,12,500-5000 (phổ biến),11-30
15044D,True,152,5,500-5000 (phổ biến),4-10
85071B,False,109,10,150-500 (vừa),4-10
22382,True,1508,44,>5000,>30
21912,True,578,23,>5000,11-30
22384,True,1504,25,>5000,11-30
22055,False,503,13,>5000,11-30
21485,False,959,58,>5000,>30
22423,False,2730,10,>5000,4-10
22147,False,795,2,>5000,2-3
22477,False,187,25,500-5000 (phổ biến),11-30
79191C,False,108,22,150-500 (vừa),11-30
72008,False,161,5,500-5000 (phổ biến),4-10
21791,True,914,15,>5000,11-30
21527,True,591,25,>5000,11-30
21683,False,97,19,150-500 (vừa),11-30
84596F,False,417,7,500-5000 (phổ biến),4-10
22287,False,82,13,150-500 (vừa),11-30
21731,False,1077,10,>5000,4-10
22320,False,125,23,150-500 (vừa),11-30
35004B,False,188,21,500-5000 (phổ biến),11-30
22423,False,2730,11,>5000,11-30
20982,False,394,9,500-5000 (phổ biến),4-10
21440,False,65,50,150-500 (vừa),>30
85008,False,70,7,150-500 (vừa),4-10
22585,False,755,8,>5000,4-10
84997A,False,412,28,500-5000 (phổ biến),11-30
21622,False,448,45,500-5000 (phổ biến),>30
22208,False,281,20,500-5000 (phổ biến),11-30
84755,False,856,5,>5000,4-10
22507,False,629,20,>5000,11-30
21868,False,621,40,>5000,>30
22172,False,129,20,150-500 (vừa),11-30
22406,False,141,12,150-500 (vừa),11-30
20960,True,148,2,150-500 (vừa),2-3
21311,False,70,55,150-500 (vừa),>30
21746,False,352,23,500-5000 (phổ biến),11-30
84836,False,1014,13,>5000,11-30
21755,True,1204,9,>5000,4-10
22555,False,662,4,>5000,4-10
22555,True,662,15,>5000,11-30
48185,True,690,4,>5000,4-10
21260,False,362,18,500-5000 (phổ biến),11-30
47566B,False,534,31,>5000,>30
21703,False,389,17,500-5000 (phổ biến),11-30
22465,False,311,40,500-5000 (phổ biến),>30
82494L,False,1357,9,>5000,4-10
21363,False,277,37,500-5000 (phổ biến),>30
48138,False,1160,6,>5000,4-10
21718,True,324,39,500-5000 (phổ biến),>30
22605,False,439,27,500-5000 (phổ biến),11-30
21169,False,543,16,>5000,11-30
21612,True,77,4,150-500 (vừa),4-10
84987,False,551,22,>5000,11-30
22434,False,193,6,500-5000 (phổ biến),4-10
48187,False,893,26,>5000,11-30
22525,True,230,26,500-5000 (phổ biến),11-30
85123A,True,3809,8,>5000,4-10
84978,True,1028,41,>5000,>30
21241,True,177,28,500-5000 (phổ biến),11-30
21155,False,661,21,>5000,11-30
21218,False,625,84,>5000,>30
21915,False,710,14,>5000,11-30
71053,False,505,21,>5000,11-30
22584,False,414,23,500-5000 (phổ biến),11-30
22348,True,675,46,>5000,>30
82494L,True,1357,21,>5000,11-30
22449,False,225,192,500-5000 (phổ biến),>30
22423,True,2730,6,>5000,4-10
84970L,False,756,255,>5000,>30
84819,False,71,15,150-500 (vừa),11-30
22285,False,192,3,500-5000 (phổ biến),2-3
21926,True,94,4,150-500 (vừa),4-10
47590B,False,618,6,>5000,4-10
20725,True,2130,21,>5000,11-30
22087,False,605,19,>5000,11-30
20677,False,516,16,>5000,11-30
84997D,True,775,7,>5000,4-10
22585,False,755,18,>5000,11-30
22386,True,1585,24,>5000,11-30
21680,False,183,108,500-5000 (phổ biến),>30
22423,True,2730,19,>5000,11-30
21791,True,914,19,>5000,11-30
21115,False,314,14,500-5000 (phổ biến),11-30
48138,False,1160,21,>5000,11-30
21647,False,107,15,150-500 (vừa),11-30
21217,False,628,12,>5000,11-30
22557,True,766,41,>5000,>30
21232,True,1644,119,>5000,>30
22441,False,333,5,500-5000 (phổ biến),4-10
48185,False,690,17,>5000,11-30
21217,False,628,4,>5000,4-10
22157,False,87,4,150-500 (vừa),4-10
84997A,True,412,4,500-5000 (phổ biến),4-10
84912A,False,158,2,500-5000 (phổ biến),2-3
22219,True,820,16,>5000,11-30
22356,True,1099,39,>5000,>30
21175,True,1177,11,>5000,11-30
21781,False,248,28,500-5000 (phổ biến),11-30
21622,True,448,8,500-5000 (phổ biến),4-10
22060,True,119,2,150-500 (vừa),2-3
21731,True,1077,10,>5000,4-10
22607,True,519,3,>5000,2-3
21224,False,211,28,500-5000 (phổ biến),11-30
21539,True,491,10,500-5000 (phổ biến),4-10
37500,False,198,16,500-5000 (phổ biến),11-30
47591B,False,182,192,500-5000 (phổ biến),>30
22354,False,202,4,500-5000 (phổ biến),4-10
22381,True,766,2,>5000,2-3
21357,False,146,34,150-500 (vừa),>30
20718,False,833,5,>5000,4-10
15044A,False,175,18,500-5000 (phổ biến),11-30
22172,False,129,18,150-500 (vừa),11-30
22549,False,491,56,500-5000 (phổ biến),>30
85170A,False,62,18,150-500 (vừa),11-30
21231,False,1038,42,>5000,>30
21238,False,630,17,>5000,11-30
21166,False,1005,5,>5000,4-10
22464,False,545,2,>5000,2-3
48184,False,594,11,>5000,11-30
21544,False,337,8,500-5000 (phổ biến),4-10
84077,False,699,5,>5000,4-10
20975,False,618,32,>5000,>30
21527,True,591,17,>5000,11-30
21977,True,1397,21,>5000,11-30
47568,False,275,17,500-5000 (phổ biến),11-30
21948,False,185,16,500-5000 (phổ biến),11-30
22520,True,258,26,500-5000 (phổ biến),11-30
20828,False,406,2,500-5000 (phổ biến),2-3
21622,False,448,72,500-5000 (phổ biến),>30
47505,False,129,15,150-500 (vừa),11-30
22295,False,502,34,>5000,>30
22473,False,147,20,150-500 (vừa),11-30
22607,False,519,24,>5000,11-30
72351B,True,341,2,500-5000 (phổ biến),2-3
21212,True,2201,13,>5000,11-30
15058B,False,104,17,150-500 (vừa),11-30
21523,False,777,8,>5000,4-10
20712,True,984,2,>5000,2-3
22242,False,239,20,500-5000 (phổ biến),11-30
22528,False,384,4,500-5000 (phổ biến),4-10
48129,True,384,21,500-5000 (phổ biến),11-30
21324,False,119,40,150-500 (vừa),>30
22444,False,319,44,500-5000 (phổ biến),>30
47590B,True,618,11,>5000,11-30
40018F,False,87,33,150-500 (vừa),>30
21670,False,531,15,>5000,11-30
22088,False,425,36,500-5000 (phổ biến),>30
22612,False,80,18,150-500 (vừa),11-30
22188,False,408,4,500-5000 (phổ biến),4-10
10133,False,190,12,500-5000 (phổ biến),11-30
22558,False,844,39,>5000,>30
22189,False,928,18,>5000,11-30
21935,True,648,14,>5000,11-30
22617,False,656,132,>5000,>30
22423,False,2730,23,>5000,11-30
22083,True,990,14,>5000,11-30
82483,False,801,27,>5000,11-30
84978,True,1028,15,>5000,11-30
21240,False,528,18,>5000,11-30
84519B,False,152,27,500-5000 (phổ biến),11-30
85040A,False,278,60,500-5000 (phổ biến),>30
21878,False,272,10,500-5000 (phổ biến),4-10
84077,False,699,6,>5000,4-10
21912,True,578,6,>5000,4-10
20713,True,881,8,>5000,4-10
47566,False,1824,74,>5000,>30
22384,True,1504,20,>5000,11-30
22296,False,614,31,>5000,>30
85063,False,122,138,150-500 (vừa),>30
22546,True,127,13,150-500 (vừa),11-30
21989,True,457,12,500-5000 (phổ biến),11-30
20846,False,123,15,150-500 (vừa),11-30
22410,False,131,16,150-500 (vừa),11-30
84951A,False,80,49,150-500 (vừa),>30
79160,False,147,40,150-500 (vừa),>30
22046,False,129,17,150-500 (vừa),11-30
22557,False,766,18,>5000,11-30
21523,False,777,24,>5000,11-30
85175,False,318,9,500-5000 (phổ biến),4-10
21292,False,61,4,150-500 (vừa),4-10
21974,True,539,4,>5000,4-10
21948,False,185,39,500-5000 (phổ biến),>30
21621,False,926,6,>5000,4-10
21507,False,430,49,500-5000 (phổ biến),>30
21156,False,649,14,>5000,11-30
22522,True,238,12,500-5000 (phổ biến),11-30
21078,False,530,4,>5000,4-10
84991,False,1455,31,>5000,>30
84596J,True,89,11,150-500 (vừa),11-30
21431,False,184,26,500-5000 (phổ biến),11-30
20728,True,1444,11,>5000,11-30
21035,False,656,32,>5000,>30
48138,False,1160,15,>5000,11-30
21703,False,389,152,500-5000 (phổ biến),>30
21977,True,1397,24,>5000,11-30
37446,False,290,12,500-5000 (phổ biến),11-30
21974,True,539,14,>5000,11-30
22421,False,280,3,500-5000 (phổ biến),2-3
22562,True,289,26,500-5000 (phổ biến),11-30
84380,True,776,16,>5000,11-30
21878,False,272,3,500-5000 (phổ biến),2-3
85064,False,196,11,500-5000 (phổ biến),11-30
22487,False,636,62,>5000,>30
22505,False,529,25,>5000,11-30
82581,True,651,5,>5000,4-10
21431,False,184,15,500-5000 (phổ biến),11-30
22218,False,184,5,500-5000 (phổ biến),4-10
21500,False,364,13,500-5000 (phổ biến),11-30
21472,False,199,20,500-5000 (phổ biến),11-30
21913,False,193,106,500-5000 (phổ biến),>30
21843,False,1097,3,>5000,2-3
21754,False,1456,9,>5000,4-10
85150,True,784,9,>5000,4-10
21936,False,710,5,>5000,4-10
21743,False,127,8,150-500 (vừa),4-10
22489,True,555,4,>5000,4-10
22198,False,434,134,500-5000 (phổ biến),>30
22224,False,288,7,500-5000 (phổ biến),4-10
21897,False,74,11,150-500 (vừa),11-30
21231,True,1038,48,>5000,>30
85035A,False,124,43,150-500 (vừa),>30
22474,False,181,13,500-5000 (phổ biến),11-30
22236,False,290,6,500-5000 (phổ biến),4-10
48185,True,690,10,>5000,4-10
37502,False,113,110,150-500 (vừa),>30
22464,False,545,55,>5000,>30
21431,False,184,42,500-5000 (phổ biến),>30
20679,True,496,6,500-5000 (phổ biến),4-10
84884A,False,210,12,500-5000 (phổ biến),11-30
48138,False,1160,18,>5000,11-30
21498,False,562,26,>5000,11-30
21034,False,1343,15,>5000,11-30
85123A,True,3809,82,>5000,>30
21527,True,591,17,>5000,11-30
21559,False,846,3,>5000,2-3
21937,False,475,23,500-5000 (phổ biến),11-30
82494L,True,1357,14,>5000,11-30
21249,False,196,5,500-5000 (phổ biến),4-10
22485,False,295,8,500-5000 (phổ biến),4-10
21077,False,148,2,150-500 (vừa),2-3
21976,False,668,2,>5000,2-3
22386,True,1585,20,>5000,11-30
84691,False,154,15,500-5000 (phổ biến),11-30
21843,True,1097,39,>5000,>30
21231,True,1038,21,>5000,11-30
22485,False,295,2,500-5000 (phổ biến),2-3
15056BL,False,580,14,>5000,11-30
21735,False,183,5,500-5000 (phổ biến),4-10
47566,True,1824,19,>5000,11-30
47559B,True,497,30,500-5000 (phổ biến),11-30
21777,True,258,6,500-5000 (phổ biến),4-10
21875,False,293,22,500-5000 (phổ biến),11-30
22557,False,766,25,>5000,11-30
79029,False,244,20,500-5000 (phổ biến),11-30
22545,True,129,4,150-500 (vừa),4-10
22426,False,255,19,500-5000 (phổ biến),11-30
22427,False,567,15,>5000,11-30
48138,False,1160,9,>5000,4-10
22172,False,129,9,150-500 (vừa),4-10
21232,True,1644,154,>5000,>30
72008,False,161,8,500-5000 (phổ biến),4-10
71477,False,558,54,>5000,>30
22546,False,127,25,150-500 (vừa),11-30
22624,True,823,22,>5000,11-30
22149,True,965,12,>5000,11-30
22358,False,422,17,500-5000 (phổ biến),11-30
22515,False,149,39,150-500 (vừa),>30
85099F,True,1271,2,>5000,2-3
22440,False,190,28,500-5000 (phổ biến),11-30
22090,True,1202,7,>5000,4-10
20750,False,632,35,>5000,>30
85123A,True,3809,22,>5000,11-30
21535,False,780,30,>5000,11-30
22487,False,636,30,>5000,11-30
22429,True,435,21,500-5000 (phổ biến),11-30
48184,True,594,5,>5000,4-10
22326,True,949,12,>5000,11-30
22530,False,315,128,500-5000 (phổ biến),>30
22427,False,567,2,>5000,2-3
22525,False,230,27,500-5000 (phổ biến),11-30
85124A,False,64,4,150-500 (vừa),4-10
20674,True,323,23,500-5000 (phổ biến),11-30
22374,False,284,15,500-5000 (phổ biến),11-30
84839,True,275,3,500-5000 (phổ biến),2-3
82484,False,829,5,>5000,4-10
22174,True,382,3,500-5000 (phổ biến),2-3
79000,False,296,5,500-5000 (phổ biến),4-10
21719,True,94,8,150-500 (vừa),4-10
20829,False,341,17,500-5000 (phổ biến),11-30
22383,True,1670,81,>5000,>30
22300,False,360,103,500-5000 (phổ biến),>30
22500,False,138,8,150-500 (vừa),4-10
82582,False,567,36,>5000,>30
84970L,False,756,28,>5000,11-30
21891,False,583,9,>5000,4-10
22534,True,398,11,500-5000 (phổ biến),11-30
82583,False,820,92,>5000,>30
22472,False,178,23,500-5000 (phổ biến),11-30
85066,False,617,6,>5000,4-10
22607,False,519,20,>5000,11-30
21890,True,388,15,500-5000 (phổ biến),11-30
21467,False,180,10,500-5000 (phổ biến),4-10
21348,False,87,150,150-500 (vừa),>30
20712,True,984,10,>5000,4-10
79000,False,296,16,500-5000 (phổ biến),11-30
22090,False,1202,25,>5000,11-30
22384,False,1504,17,>5000,11-30
82552,True,559,20,>5000,11-30
22620,False,572,39,>5000,>30
84975,False,146,6,150-500 (vừa),4-10
20726,True,1341,28,>5000,11-30
22607,False,519,40,>5000,>30
47591D,False,750,33,>5000,>30
85064,False,196,37,500-5000 (phổ biến),>30
21883,False,147,13,150-500 (vừa),11-30
21682,False,98,5,150-500 (vừa),4-10
84997B,True,740,9,>5000,4-10
22531,False,278,29,500-5000 (phổ biến),11-30
22068,False,193,46,500-5000 (phổ biến),>30
21239,True,525,22,>5000,11-30
22139,False,1435,11,>5000,11-30
21172,False,670,11,>5000,11-30
71459,False,708,23,>5000,11-30
22622,True,398,6,500-5000 (phổ biến),4-10
40001,False,85,10,150-500 (vừa),4-10
22343,False,140,116,150-500 (vừa),>30
21932,False,446,52,500-5000 (phổ biến),>30
85150,True,784,11,>5000,11-30
79029,False,244,9,500-5000 (phổ biến),4-10
21871,False,536,4,>5000,4-10
22275,False,220,17,500-5000 (phổ biến),11-30
72351B,False,341,5,500-5000 (phổ biến),4-10
21870,False,443,18,500-5000 (phổ biến),11-30
22411,False,1534,17,>5000,11-30
85099F,True,1271,5,>5000,4-10
84270,False,319,9,500-5000 (phổ biến),4-10
20685,False,1213,13,>5000,11-30
10002,False,242,15,500-5000 (phổ biến),11-30
21541,False,133,13,150-500 (vừa),11-30
47568,False,275,21,500-5000 (phổ biến),11-30
20713,True,881,21,>5000,11-30
85040B,True,181,7,500-5000 (phổ biến),4-10
21621,False,926,11,>5000,11-30
84839,False,275,10,500-5000 (phổ biến),4-10
85123A,True,3809,7,>5000,4-10
84596J,True,89,29,150-500 (vừa),11-30
22561,False,642,26,>5000,11-30
85049G,True,359,2,500-5000 (phổ biến),2-3
21977,True,1397,24,>5000,11-30
22138,False,1344,20,>5000,11-30
21272,False,231,61,500-5000 (phổ biến),>30
22383,True,1670,25,>5000,11-30
22087,False,605,13,>5000,11-30
21592,False,357,78,500-5000 (phổ biến),>30
21737,False,112,13,150-500 (vừa),11-30
22536,True,253,24,500-5000 (phổ biến),11-30
22551,True,893,14,>5000,11-30
21466,False,202,5,500-5000 (phổ biến),4-10
22489,True,555,26,>5000,11-30
85099B,True,2782,9,>5000,4-10
72741,False,629,2,>5000,2-3
48116,False,350,23,500-5000 (phổ biến),11-30
21668,True,573,9,>5000,4-10
22386,False,1585,13,>5000,11-30
22061,False,358,13,500-5000 (phổ biến),11-30
21924,False,85,5,150-500 (vừa),4-10
21242,False,469,7,500-5000 (phổ biến),4-10
22051,False,82,7,150-500 (vừa),4-10
84077,False,699,20,>5000,11-30
22563,False,381,24,500-5000 (phổ biến),11-30
21080,True,1511,16,>5000,11-30
82482,True,1389,17,>5000,11-30
22417,True,786,25,>5000,11-30
22358,False,422,2,500-5000 (phổ biến),2-3
84832,False,447,137,500-5000 (phổ biến),>30
85216,False,123,19,150-500 (vừa),11-30
20677,True,516,20,>5000,11-30
84795C,False,92,15,150-500 (vừa),11-30
22090,False,1202,41,>5000,>30
85068,False,131,10,150-500 (vừa),4-10
84836,False,1014,9,>5000,4-10
22242,False,239,6,500-5000 (phổ biến),4-10
72741,False,629,7,>5000,4-10
22625,False,666,65,>5000,>30
21063,False,155,20,500-5000 (phổ biến),11-30
22470,False,1390,16,>5000,11-30
22464,False,545,13,>5000,11-30
21314,False,719,12,>5000,11-30
21590,False,192,15,500-5000 (phổ biến),11-30
47580,False,230,37,500-5000 (phổ biến),>30
22197,True,1654,42,>5000,>30
22508,False,491,99,500-5000 (phổ biến),>30
21648,False,166,46,500-5000 (phổ biến),>30
20728,True,1444,3,>5000,2-3
22285,False,192,7,500-5000 (phổ biến),4-10
85099B,True,2782,5,>5000,4-10
21524,False,800,23,>5000,11-30
22428,False,131,13,150-500 (vừa),11-30
22367,False,802,40,>5000,>30
84270,False,319,30,500-5000 (phổ biến),11-30
21937,True,475,2,500-5000 (phổ biến),2-3
22544,True,229,16,500-5000 (phổ biến),11-30
21826,False,165,32,500-5000 (phổ biến),>30
21915,False,710,4,>5000,4-10
21669,True,551,9,>5000,4-10
71053,False,505,16,>5000,11-30
85064,True,196,2,500-5000 (phổ biến),2-3
84077,False,699,12,>5000,11-30
85232A,False,89,44,150-500 (vừa),>30
22550,False,293,6,500-5000 (phổ biến),4-10
17091J,False,125,29,150-500 (vừa),11-30
22067,False,165,219,500-5000 (phổ biến),>30
21313,False,301,24,500-5000 (phổ biến),11-30
22411,False,1534,16,>5000,11-30
22525,True,230,35,500-5000 (phổ biến),>30
22451,False,167,23,500-5000 (phổ biến),11-30
21975,True,933,18,>5000,11-30
82551,False,510,50,>5000,>30
22427,False,567,3,>5000,2-3
21981,False,395,30,500-5000 (phổ biến),11-30
82486,False,903,9,>5000,4-10
22300,False,360,7,500-5000 (phổ biến),4-10
48187,False,893,11,>5000,11-30
85066,True,617,10,>5000,4-10
21211,False,165,63,500-5000 (phổ biến),>30
22382,True,1508,15,>5000,11-30
22528,False,384,15,500-5000 (phổ biến),11-30
22088,False,425,17,500-5000 (phổ biến),11-30
84836,False,1014,5,>5000,4-10
47566,True,1824,25,>5000,11-30
22620,False,572,3,>5000,2-3
22544,False,229,6,500-5000 (phổ biến),4-10
21238,True,630,36,>5000,>30
21218,False,625,7,>5000,4-10
21531,True,552,18,>5000,11-30
47591C,False,114,25,150-500 (vừa),11-30
21733,True,1257,2,>5000,2-3
22470,False,1390,2,>5000,2-3
15056BL,False,580,25,>5000,11-30
22554,True,869,15,>5000,11-30
85178,False,210,27,500-5000 (phổ biến),11-30
21843,False,1097,23,>5000,11-30
72807B,False,150,43,150-500 (vừa),>30
22061,False,358,16,500-5000 (phổ biến),11-30
21313,False,301,17,500-5000 (phổ biến),11-30
47590B,False,618,9,>5000,4-10
21907,False,522,115,>5000,>30
22621,False,619,6,>5000,4-10
22493,False,314,3,500-5000 (phổ biến),2-3
21922,False,268,13,500-5000 (phổ biến),11-30
84763,False,118,18,150-500 (vừa),11-30
22616,False,587,2,>5000,2-3
21231,True,1038,23,>5000,11-30
85099F,True,1271,8,>5000,4-10
22242,False,239,14,500-5000 (phổ biến),11-30
22470,True,1390,6,>5000,4-10
84791,False,74,12,150-500 (vừa),11-30
21523,True,777,2,>5000,2-3
85047,False,162,30,500-5000 (phổ biến),11-30
22423,False,2730,20,>5000,11-30
84792,False,375,15,500-5000 (phổ biến),11-30
22636,False,340,28,500-5000 (phổ biến),11-30
35809A,False,126,34,150-500 (vừa),>30
15044B,False,124,21,150-500 (vừa),11-30
21137,True,457,2,500-5000 (phổ biến),2-3
21541,True,133,13,150-500 (vừa),11-30
22066,False,195,49,500-5000 (phổ biến),>30
21386,False,79,32,150-500 (vừa),>30
22621,False,619,25,>5000,11-30
22055,True,503,3,>5000,2-3
21498,False,562,2,>5000,2-3
22621,False,619,3,>5000,2-3
15056N,False,720,45,>5000,>30
22379,True,1108,17,>5000,11-30
21033,False,390,42,500-5000 (phổ biến),>30
82583,True,820,8,>5000,4-10
20677,True,516,19,>5000,11-30
85123A,True,3809,5,>5000,4-10
22382,False,1508,194,>5000,>30
21912,True,578,23,>5000,11-30
20974,False,564,19,>5000,11-30
84692,False,765,2,>5000,2-3
21713,False,273,31,500-5000 (phổ biến),>30
22329,False,410,7,500-5000 (phổ biến),4-10
21090,True,200,20,500-5000 (phổ biến),11-30
21080,True,1511,25,>5000,11-30
20724,True,1419,29,>5000,11-30
22563,True,381,21,500-5000 (phổ biến),11-30
21497,False,342,18,500-5000 (phổ biến),11-30
22089,False,383,15,500-5000 (phổ biến),11-30
21116,False,366,18,500-5000 (phổ biến),11-30
21621,False,926,31,>5000,>30
21381,False,363,10,500-5000 (phổ biến),4-10
20658,False,234,35,500-5000 (phổ biến),>30
22381,True,766,27,>5000,11-30
85170D,False,100,137,150-500 (vừa),>30
21539,False,491,20,500-5000 (phổ biến),11-30
20839,True,75,3,150-500 (vừa),2-3
21755,True,1204,14,>5000,11-30
22469,True,1535,25,>5000,11-30
22423,False,2730,6,>5000,4-10
84879,False,1977,7,>5000,4-10
21907,False,522,31,>5000,>30
20981,False,352,14,500-5000 (phổ biến),11-30
82494L,False,1357,20,>5000,11-30
21671,True,510,6,>5000,4-10
21658,False,360,20,500-5000 (phổ biến),11-30
85099B,True,2782,19,>5000,11-30
22382,True,1508,10,>5000,4-10
84997B,True,740,18,>5000,11-30
84879,True,1977,13,>5000,11-30
47568,False,275,6,500-5000 (phổ biến),4-10
21673,True,519,16,>5000,11-30
20975,True,618,27,>5000,11-30
21936,False,710,12,>5000,11-30
21212,True,2201,35,>5000,>30
22444,False,319,51,500-5000 (phổ biến),>30
20829,False,341,74,500-5000 (phổ biến),>30
21481,False,690,8,>5000,4-10
20726,True,1341,17,>5000,11-30
22497,False,181,28,500-5000 (phổ biến),11-30
21213,True,1035,46,>5000,>30
22640,False,61,19,150-500 (vừa),11-30
22030,False,475,17,500-5000 (phổ biến),11-30
21611,True,105,5,150-500 (vừa),4-10
82578,True,495,13,500-5000 (phổ biến),11-30
22376,False,158,15,500-5000 (phổ biến),11-30
22528,False,384,16,500-5000 (phổ biến),11-30
22385,True,876,49,>5000,>30
85123A,True,3809,14,>5000,11-30
85123A,True,3809,7,>5000,4-10
85042,False,194,13,500-5000 (phổ biến),11-30
21495,False,245,10,500-5000 (phổ biến),4-10
22197,True,1654,26,>5000,11-30
22365,False,313,18,500-5000 (phổ biến),11-30
22367,True,802,12,>5000,11-30
22607,False,519,3,>5000,2-3
21923,False,89,20,150-500 (vừa),11-30
84970S,True,1002,9,>5000,4-10
21135,False,276,7,500-5000 (phổ biến),4-10
85152,False,1047,21,>5000,11-30
22548,False,285,62,500-5000 (phổ biến),>30
21922,False,268,23,500-5000 (phổ biến),11-30
22382,True,1508,51,>5000,>30
84375,False,554,9,>5000,4-10
21135,False,276,11,500-5000 (phổ biến),11-30
22507,False,629,9,>5000,4-10
21470,False,225,131,500-5000 (phổ biến),>30
20725,True,2130,5,>5000,4-10
21535,True,780,21,>5000,11-30
20973,False,457,14,500-5000 (phổ biến),11-30
82581,True,651,12,>5000,11-30
21937,False,475,2,500-5000 (phổ biến),2-3
22611,False,126,9,150-500 (vừa),4-10
85099B,True,2782,23,>5000,11-30
21410,False,105,9,150-500 (vừa),4-10
21034,False,1343,31,>5000,>30
22501,False,514,10,>5000,4-10
84077,False,699,20,>5000,11-30
22496,False,125,29,150-500 (vừa),11-30
71477,False,558,28,>5000,11-30
22282,False,144,27,150-500 (vừa),11-30
22427,False,567,6,>5000,4-10
22329,False,410,160,500-5000 (phổ biến),>30
22492,False,512,10,>5000,4-10
84970L,True,756,10,>5000,4-10
21217,False,628,11,>5000,11-30
21844,False,340,5,500-5000 (phổ biến),4-10
21532,False,63,11,150-500 (vừa),11-30
85099F,True,1271,22,>5000,11-30
21253,False,88,14,150-500 (vừa),11-30
22333,False,475,26,500-5000 (phổ biến),11-30
85232D,False,154,16,500-5000 (phổ biến),11-30
21174,False,802,2,>5000,2-3
22501,False,514,24,>5000,11-30
15056BL,False,580,37,>5000,>30
21034,False,1343,9,>5000,4-10
21731,True,1077,35,>5000,>30
15039,False,220,5,500-5000 (phổ biến),4-10
15056P,False,237,29,500-5000 (phổ biến),11-30
22384,True,1504,33,>5000,>30
21172,False,670,29,>5000,11-30
21928,True,1097,13,>5000,11-30
22122,False,125,70,150-500 (vừa),>30
21868,False,621,27,>5000,11-30
21246,False,141,29,150-500 (vừa),11-30
22055,False,503,11,>5000,11-30
21380,True,464,6,500-5000 (phổ biến),4-10
22423,True,2730,10,>5000,4-10
21509,False,445,26,500-5000 (phổ biến),11-30
20723,True,950,14,>5000,11-30
22557,False,766,40,>5000,>30
84029G,False,691,47,>5000,>30
21078,False,530,16,>5000,11-30
21931,False,1611,143,>5000,>30
21360,False,60,61,60-150 (hiếm),>30
21472,False,199,16,500-5000 (phổ biến),11-30
18097C,False,144,8,150-500 (vừa),4-10
22635,False,338,19,500-5000 (phổ biến),11-30
22427,False,567,19,>5000,11-30
20719,True,1102,5,>5000,4-10
22327,False,447,12,500-5000 (phổ biến),11-30
22276,True,266,11,500-5000 (phổ biến),11-30
21500,False,364,30,500-5000 (phổ biến),11-30
22420,True,160,32,500-5000 (phổ biến),>30
21906,False,292,2,500-5000 (phổ biến),2-3
35004B,False,188,10,500-5000 (phổ biến),4-10
84520B,True,519,22,>5000,11-30
15058A,False,107,2,150-500 (vừa),2-3
21086,False,609,215,>5000,>30
21537,False,167,20,500-5000 (phổ biến),11-30
22358,False,422,169,500-5000 (phổ biến),>30
48138,False,1160,14,>5000,11-30
22492,False,512,3,>5000,2-3
20713,True,881,11,>5000,11-30
21922,False,268,30,500-5000 (phổ biến),11-30
21495,False,245,52,500-5000 (phổ biến),>30
22692,False,407,2,500-5000 (phổ biến),2-3
22482,False,163,52,500-5000 (phổ biến),>30
22186,False,238,10,500-5000 (phổ biến),4-10
22636,False,340,15,500-5000 (phổ biến),11-30
84077,False,699,17,>5000,11-30
21244,True,314,18,500-5000 (phổ biến),11-30
20726,False,1341,13,>5000,11-30
84569D,False,122,33,150-500 (vừa),>30
22470,False,1390,22,>5000,11-30
22188,False,408,11,500-5000 (phổ biến),11-30
85123A,True,3809,15,>5000,11-30
72741,False,629,2,>5000,2-3
84327A,False,86,35,150-500 (vừa),>30
22634,True,341,2,500-5000 (phổ biến),2-3
20982,False,394,7,500-5000 (phổ biến),4-10
22498,False,264,7,500-5000 (phổ biến),4-10
84949,False,463,9,500-5000 (phổ biến),4-10
22702,False,67,58,150-500 (vừa),>30
21891,True,583,11,>5000,11-30
22619,False,502,24,>5000,11-30
21790,True,1307,36,>5000,>30
84970S,True,1002,7,>5000,4-10
22437,False,312,3,500-5000 (phổ biến),2-3
35958,False,63,4,150-500 (vừa),4-10
82551,False,510,14,>5000,11-30
22470,True,1390,17,>5000,11-30
21703,False,389,3,500-5000 (phổ biến),2-3
22624,False,823,2,>5000,2-3
21698,False,79,32,150-500 (vừa),>30
21671,True,510,3,>5000,2-3
85099C,False,1279,24,>5000,11-30
15060B,False,306,175,500-5000 (phổ biến),>30
84985A,False,103,43,150-500 (vừa),>30
22602,False,370,73,500-5000 (phổ biến),>30
22384,True,1504,8,>5000,4-10
22613,False,196,48,500-5000 (phổ biến),>30
20886,False,213,14,500-5000 (phổ biến),11-30
22426,False,255,10,500-5000 (phổ biến),4-10
22383,True,1670,50,>5000,>30
37448,True,376,8,500-5000 (phổ biến),4-10
21203,False,107,16,150-500 (vừa),11-30
22084,False,565,18,>5000,11-30
21770,False,457,20,500-5000 (phổ biến),11-30
20702,False,188,50,500-5000 (phổ biến),>30
37448,False,376,52,500-5000 (phổ biến),>30
21988,True,294,7,500-5000 (phổ biến),4-10
22419,False,350,13,500-5000 (phổ biến),11-30
22460,False,261,20,500-5000 (phổ biến),11-30
16156S,False,311,23,500-5000 (phổ biến),11-30
21929,False,1115,18,>5000,11-30
37503,False,374,9,500-5000 (phổ biến),4-10
15044D,True,152,5,500-5000 (phổ biến),4-10
21714,False,363,15,500-5000 (phổ biến),11-30
15056n,False,87,22,150-500 (vừa),11-30
22501,False,514,20,>5000,11-30
22587,False,211,17,500-5000 (phổ biến),11-30
22329,False,410,33,500-5000 (phổ biến),>30
84509B,False,125,3,150-500 (vừa),2-3
46000M,False,229,2,500-5000 (phổ biến),2-3
22333,True,475,12,500-5000 (phổ biến),11-30
20726,True,1341,28,>5000,11-30
22501,True,514,3,>5000,2-3
20727,True,1638,14,>5000,11-30
22119,False,251,44,500-5000 (phổ biến),>30
40016,False,160,3,500-5000 (phổ biến),2-3
22498,False,264,43,500-5000 (phổ biến),>30
47568,False,275,10,500-5000 (phổ biến),4-10
22561,False,642,18,>5000,11-30
21042,False,288,38,500-5000 (phổ biến),>30
22376,True,158,2,500-5000 (phổ biến),2-3
21239,False,525,18,>5000,11-30
48188,False,492,25,500-5000 (phổ biến),11-30
22659,False,760,9,>5000,4-10
21868,True,621,3,>5000,2-3
21084,False,162,135,500-5000 (phổ biến),>30
22717,False,144,100,150-500 (vừa),>30
85099C,True,1279,2,>5000,2-3
84879,False,1977,2,>5000,2-3
84950,False,192,14,500-5000 (phổ biến),11-30
22475,False,172,12,500-5000 (phổ biến),11-30
22715,False,146,9,150-500 (vừa),4-10
21034,False,1343,2,>5000,2-3
84755,False,856,2,>5000,2-3
21731,True,1077,51,>5000,>30
22571,True,353,23,500-5000 (phổ biến),11-30
22078,True,342,26,500-5000 (phổ biến),11-30
72760B,False,349,25,500-5000 (phổ biến),11-30
22489,False,555,12,>5000,11-30
21843,False,1097,85,>5000,>30
22488,False,574,13,>5000,11-30
21210,True,792,9,>5000,4-10
21731,True,1077,15,>5000,11-30
20972,True,1008,47,>5000,>30
22406,True,141,20,150-500 (vừa),11-30
84880,False,275,14,500-5000 (phổ biến),11-30
37450,False,261,24,500-5000 (phổ biến),11-30
21915,False,710,13,>5000,11-30
22605,False,439,18,500-5000 (phổ biến),11-30
22384,False,1504,2,>5000,2-3
22414,False,172,4,500-5000 (phổ biến),4-10
22712,False,350,20,500-5000 (phổ biến),11-30
21326,False,426,9,500-5000 (phổ biến),4-10
21907,False,522,36,>5000,>30
22084,False,565,7,>5000,4-10
47568,False,275,26,500-5000 (phổ biến),11-30
21212,True,2201,45,>5000,>30
82494L,False,1357,14,>5000,11-30
22604,False,175,11,500-5000 (phổ biến),11-30
20718,False,833,54,>5000,>30
40001,False,85,9,150-500 (vừa),4-10
21432,False,165,16,500-5000 (phổ biến),11-30
22423,True,2730,14,>5000,11-30
22382,True,1508,30,>5000,11-30
48138,False,1160,2,>5000,2-3
21733,False,1257,22,>5000,11-30
22426,False,255,37,500-5000 (phổ biến),>30
21232,True,1644,3,>5000,2-3
35004C,False,243,2,500-5000 (phổ biến),2-3
21918,False,555,7,>5000,4-10
48188,True,492,6,500-5000 (phổ biến),4-10
82483,True,801,18,>5000,11-30
21872,False,236,35,500-5000 (phổ biến),>30
22030,False,475,13,500-5000 (phổ biến),11-30
22456,False,610,2,>5000,2-3
22222,False,282,4,500-5000 (phổ biến),4-10
85131A,False,150,4,150-500 (vừa),4-10
22090,False,1202,29,>5000,11-30
85014B,False,620,18,>5000,11-30
85040A,False,278,3,500-5000 (phổ biến),2-3
71459,False,708,12,>5000,11-30
21411,False,437,15,500-5000 (phổ biến),11-30
21431,False,184,63,500-5000 (phổ biến),>30
22364,False,228,40,500-5000 (phổ biến),>30
22643,False,67,25,150-500 (vừa),11-30
22577,True,565,17,>5000,11-30
22458,True,120,12,150-500 (vừa),11-30
22627,False,427,10,500-5000 (phổ biến),4-10
21937,False,475,17,500-5000 (phổ biến),11-30
22423,False,2730,10,>5000,4-10
22418,False,411,22,500-5000 (phổ biến),11-30
35095A,False,121,67,150-500 (vừa),>30
21790,False,1307,13,>5000,11-30
21670,False,531,16,>5000,11-30
22382,True,1508,4,>5000,4-10
22367,False,802,43,>5000,>30
22565,False,191,39,500-5000 (phổ biến),>30
85123A,True,3809,10,>5000,4-10
22616,True,587,13,>5000,11-30
85152,False,1047,3,>5000,2-3
22563,True,381,4,500-5000 (phổ biến),4-10
22090,True,1202,34,>5000,>30
21754,True,1456,30,>5000,11-30
71459,False,708,11,>5000,11-30
21922,False,268,10,500-5000 (phổ biến),4-10
15044C,True,159,11,500-5000 (phổ biến),11-30
22385,True,876,15,>5000,11-30
72802B,True,153,4,500-5000 (phổ biến),4-10
22110,False,337,27,500-5000 (phổ biến),11-30
21391,False,119,14,150-500 (vừa),11-30
85049E,True,566,21,>5000,11-30
22661,True,446,21,500-5000 (phổ biến),11-30
21531,True,552,37,>5000,>30
85065,False,195,10,500-5000 (phổ biến),4-10
84991,True,1455,11,>5000,11-30
22295,False,502,20,>5000,11-30
85232B,False,381,13,500-5000 (phổ biến),11-30
21733,False,1257,19,>5000,11-30
21210,False,792,29,>5000,11-30
22530,True,315,11,500-5000 (phổ biến),11-30
22509,False,135,20,150-500 (vừa),11-30
20679,True,496,7,500-5000 (phổ biến),4-10
22120,False,265,203,500-5000 (phổ biến),>30
84078A,False,228,48,500-5000 (phổ biến),>30
21928,True,1097,14,>5000,11-30
79066K,False,163,2,500-5000 (phổ biến),2-3
84947,True,471,6,500-5000 (phổ biến),4-10
22245,False,280,14,500-5000 (phổ biến),11-30
85103,False,63,3,150-500 (vừa),2-3
21889,False,777,18,>5000,11-30
21231,True,1038,22,>5000,11-30
21212,True,2201,21,>5000,11-30
21544,False,337,2,500-5000 (phổ biến),2-3
85049E,True,566,21,>5000,11-30
22295,False,502,46,>5000,>30
71459,False,708,23,>5000,11-30
84949,False,463,12,500-5000 (phổ biến),11-30
85061W,False,339,14,500-5000 (phổ biến),11-30
72760B,False,349,11,500-5000 (phổ biến),11-30
22089,False,383,81,500-5000 (phổ biến),>30
21673,False,519,29,>5000,11-30
21929,True,1115,4,>5000,4-10
20685,False,1213,11,>5000,11-30
22090,False,1202,9,>5000,4-10
84971S,False,330,18,500-5000 (phổ biến),11-30
21174,True,802,5,>5000,4-10
20727,True,1638,24,>5000,11-30
22627,False,427,30,500-5000 (phổ biến),11-30
21259,False,472,12,500-5000 (phổ biến),11-30
22169,False,495,30,500-5000 (phổ biến),11-30
22416,False,123,65,150-500 (vừa),>30
22561,False,642,37,>5000,>30
84991,True,1455,5,>5000,4-10
16236,False,189,140,500-5000 (phổ biến),>30
21898,False,76,31,150-500 (vừa),>30
22291,False,190,26,500-5000 (phổ biến),11-30
20982,False,394,13,500-5000 (phổ biến),11-30
22138,False,1344,33,>5000,>30
21754,True,1456,24,>5000,11-30
16161U,False,219,51,500-5000 (phổ biến),>30
22631,False,452,16,500-5000 (phổ biến),11-30
20682,False,412,33,500-5000 (phổ biến),>30
22491,False,271,3,500-5000 (phổ biến),2-3
21062,False,84,32,150-500 (vừa),>30
21754,False,1456,37,>5000,>30
20986,False,136,13,150-500 (vừa),11-30
21156,False,649,21,>5000,11-30
22418,False,411,4,500-5000 (phổ biến),4-10
22536,False,253,3,500-5000 (phổ biến),2-3
20724,True,1419,10,>5000,4-10
22135,True,230,18,500-5000 (phổ biến),11-30
84534B,False,126,50,150-500 (vừa),>30
22617,False,656,39,>5000,>30
21509,True,445,14,500-5000 (phổ biến),11-30
21313,False,301,7,500-5000 (phổ biến),4-10
20992,False,314,30,500-5000 (phổ biến),11-30
22152,False,177,29,500-5000 (phổ biến),11-30
21927,False,125,50,150-500 (vừa),>30
84279P,False,216,6,500-5000 (phổ biến),4-10
20727,False,1638,19,>5000,11-30
22178,True,1269,4,>5000,4-10
21328,False,455,156,500-5000 (phổ biến),>30
84997B,False,740,19,>5000,11-30
21927,False,125,13,150-500 (vừa),11-30
22675,False,200,61,500-5000 (phổ biến),>30
20725,False,2130,10,>5000,4-10
22465,True,311,7,500-5000 (phổ biến),4-10
22718,False,172,25,500-5000 (phổ biến),11-30
22469,True,1535,3,>5000,2-3
21181,False,1269,49,>5000,>30
22671,True,178,5,500-5000 (phổ biến),4-10
21136,False,519,33,>5000,>30
21670,True,531,33,>5000,>30
84510C,True,70,11,150-500 (vừa),11-30
22675,True,200,5,500-5000 (phổ biến),4-10
84997D,True,775,22,>5000,11-30
22185,False,332,45,500-5000 (phổ biến),>30
22634,True,341,5,500-5000 (phổ biến),4-10
22083,True,990,18,>5000,11-30
85132A,False,175,25,500-5000 (phổ biến),11-30
21559,False,846,61,>5000,>30
22278,False,269,37,500-5000 (phổ biến),>30
20727,True,1638,18,>5000,11-30
22245,False,280,16,500-5000 (phổ biến),11-30
21908,True,661,28,>5000,11-30
22501,False,514,8,>5000,4-10
22383,False,1670,23,>5000,11-30
22692,False,407,15,500-5000 (phổ biến),11-30
21658,False,360,9,500-5000 (phổ biến),4-10
21535,False,780,7,>5000,4-10
21930,True,900,15,>5000,11-30
22082,False,673,34,>5000,>30
22173,False,716,34,>5000,>30
21888,False,574,16,>5000,11-30
22317,False,117,17,150-500 (vừa),11-30
22675,True,200,21,500-5000 (phổ biến),11-30
21523,False,777,3,>5000,2-3
20960,False,148,21,150-500 (vừa),11-30
21429,False,692,12,>5000,11-30
84997A,True,412,10,500-5000 (phổ biến),4-10
22411,True,1534,5,>5000,4-10
21781,False,248,22,500-5000 (phổ biến),11-30
21931,True,1611,15,>5000,11-30
10002,False,242,43,500-5000 (phổ biến),>30
22694,False,598,26,>5000,11-30
21212,True,2201,7,>5000,4-10
84559A,False,168,47,500-5000 (phổ biến),>30
85123A,True,3809,21,>5000,11-30
21078,True,530,7,>5000,4-10
82482,True,1389,18,>5000,11-30
22469,False,1535,70,>5000,>30
21889,False,777,13,>5000,11-30
84507B,False,73,11,150-500 (vừa),11-30
84992,True,1023,2,>5000,2-3
21731,True,1077,21,>5000,11-30
22077,True,1221,26,>5000,11-30
51014A,False,264,33,500-5000 (phổ biến),>30
21974,False,539,80,>5000,>30
22139,False,1435,25,>5000,11-30
48138,True,1160,9,>5000,4-10
22668,False,420,2,500-5000 (phổ biến),2-3
21136,True,519,2,>5000,2-3
22477,False,187,159,500-5000 (phổ biến),>30
21899,True,441,27,500-5000 (phổ biến),11-30
16237,False,402,18,500-5000 (phổ biến),11-30
85227,True,289,7,500-5000 (phổ biến),4-10
22029,True,764,28,>5000,11-30
22114,True,1099,18,>5000,11-30
20725,True,2130,6,>5000,4-10
84832,False,447,5,500-5000 (phổ biến),4-10
85131D,True,189,16,500-5000 (phổ biến),11-30
22457,True,1461,4,>5000,4-10
82582,True,567,3,>5000,2-3
85152,False,1047,15,>5000,11-30
20723,True,950,26,>5000,11-30
21363,False,277,12,500-5000 (phổ biến),11-30
22659,False,760,5,>5000,4-10
22575,False,233,26,500-5000 (phổ biến),11-30
84987,False,551,32,>5000,>30
48138,False,1160,16,>5000,11-30
22153,False,195,29,500-5000 (phổ biến),11-30
22470,True,1390,22,>5000,11-30
21774,False,241,57,500-5000 (phổ biến),>30
84975,False,146,13,150-500 (vừa),11-30
21781,False,248,49,500-5000 (phổ biến),>30
22411,True,1534,8,>5000,4-10
35400,False,280,156,500-5000 (phổ biến),>30
22028,False,351,21,500-5000 (phổ biến),11-30
22423,False,2730,3,>5000,2-3
84748,False,62,6,150-500 (vừa),4-10
22571,False,353,18,500-5000 (phổ biến),11-30
72760B,False,349,3,500-5000 (phổ biến),2-3
22147,False,795,20,>5000,11-30
22459,True,119,12,150-500 (vừa),11-30
21784,False,121,9,150-500 (vừa),4-10
82494L,False,1357,31,>5000,>30
21213,True,1035,28,>5000,11-30
22480,False,198,37,500-5000 (phổ biến),>30
22711,True,135,8,150-500 (vừa),4-10
20977,False,326,39,500-5000 (phổ biến),>30
85099B,True,2782,16,>5000,11-30
21877,False,534,17,>5000,11-30
21080,True,1511,13,>5000,11-30
21733,False,1257,33,>5000,>30
21559,False,846,49,>5000,>30
22659,False,760,13,>5000,11-30
22507,False,629,17,>5000,11-30
21210,False,792,38,>5000,>30
21380,False,464,23,500-5000 (phổ biến),11-30
71459,False,708,13,>5000,11-30
84879,True,1977,3,>5000,2-3
20723,True,950,18,>5000,11-30
21125,False,177,18,500-5000 (phổ biến),11-30
22381,True,766,32,>5000,>30
21447,False,234,5,500-5000 (phổ biến),4-10
20671,False,96,20,150-500 (vừa),11-30
22375,False,190,20,500-5000 (phổ biến),11-30
22644,False,424,21,500-5000 (phổ biến),11-30
22634,False,341,37,500-5000 (phổ biến),>30
21908,True,661,14,>5000,11-30
21537,False,167,76,500-5000 (phổ biến),>30
22201,False,112,10,150-500 (vừa),4-10
22618,False,175,4,500-5000 (phổ biến),4-10
72760B,False,349,3,500-5000 (phổ biến),2-3
85049E,True,566,7,>5000,4-10
21531,False,552,19,>5000,11-30
21218,False,625,15,>5000,11-30
22468,False,280,26,500-5000 (phổ biến),11-30
21157,False,114,31,150-500 (vừa),>30
22120,False,265,13,500-5000 (phổ biến),11-30
21931,True,1611,21,>5000,11-30
22429,True,435,6,500-5000 (phổ biến),4-10
22151,True,530,9,>5000,4-10
21494,False,345,57,500-5000 (phổ biến),>30
18098c,False,88,19,150-500 (vừa),11-30
21801,True,161,22,500-5000 (phổ biến),11-30
84971S,False,330,14,500-5000 (phổ biến),11-30
20972,False,1008,61,>5000,>30
22356,True,1099,9,>5000,4-10
22470,False,1390,26,>5000,11-30
85063,False,122,18,150-500 (vừa),11-30
20713,True,881,12,>5000,11-30
22602,True,370,21,500-5000 (phổ biến),11-30
15056N,False,720,30,>5000,11-30
20971,True,808,12,>5000,11-30
22111,False,1180,17,>5000,11-30
22697,True,917,6,>5000,4-10
21656,False,102,15,150-500 (vừa),11-30
21499,False,347,15,500-5000 (phổ biến),11-30
22483,False,247,50,500-5000 (phổ biến),>30
21988,True,294,7,500-5000 (phổ biến),4-10
20725,True,2130,26,>5000,11-30
22593,True,290,21,500-5000 (phổ biến),11-30
85123A,False,3809,8,>5000,4-10
22456,False,610,15,>5000,11-30
21054,False,129,15,150-500 (vừa),11-30
84992,True,1023,7,>5000,4-10
21889,True,777,18,>5000,11-30
22759,False,549,18,>5000,11-30
22444,False,319,3,500-5000 (phổ biến),2-3
22207,False,322,69,500-5000 (phổ biến),>30
21491,False,182,34,500-5000 (phổ biến),>30
22471,False,124,25,150-500 (vừa),11-30
85014A,False,464,33,500-5000 (phổ biến),>30
22457,False,1461,10,>5000,4-10
20914,False,1415,15,>5000,11-30
22402,False,182,36,500-5000 (phổ biến),>30
84012,False,130,17,150-500 (vừa),11-30
22197,True,1654,155,>5000,>30
21623,False,388,3,500-5000 (phổ biến),2-3
21246,False,141,60,150-500 (vừa),>30
20719,True,1102,20,>5000,11-30
22752,False,464,26,500-5000 (phổ biến),11-30
22170,True,403,6,500-5000 (phổ biến),4-10
22835,True,715,3,>5000,2-3
22733,False,230,16,500-5000 (phổ biến),11-30
22078,True,342,7,500-5000 (phổ biến),4-10
22698,True,706,11,>5000,11-30
22381,False,766,86,>5000,>30
22554,True,869,11,>5000,11-30
22663,False,492,10,500-5000 (phổ biến),4-10
22275,False,220,34,500-5000 (phổ biến),>30
21098,False,400,40,500-5000 (phổ biến),>30
82494L,True,1357,16,>5000,11-30
21186,False,243,25,500-5000 (phổ biến),11-30
22457,True,1461,2,>5000,2-3
85099B,True,2782,2,>5000,2-3
82551,False,510,66,>5000,>30
21684,False,65,22,150-500 (vừa),11-30
21670,True,531,15,>5000,11-30
84050,False,507,29,>5000,11-30
22596,False,315,30,500-5000 (phổ biến),11-30
21231,True,1038,5,>5000,4-10
21232,True,1644,56,>5000,>30
22223,False,124,28,150-500 (vừa),11-30
20725,True,2130,28,>5000,11-30
22431,False,417,59,500-5000 (phổ biến),>30
22556,True,844,5,>5000,4-10
21907,False,522,3,>5000,2-3
22570,True,571,10,>5000,4-10
22434,False,193,6,500-5000 (phổ biến),4-10
21035,True,656,41,>5000,>30
22629,False,957,151,>5000,>30
22436,False,213,7,500-5000 (phổ biến),4-10
84536A,False,418,28,500-5000 (phổ biến),11-30
21274,False,69,36,150-500 (vừa),>30
22158,True,497,3,500-5000 (phổ biến),2-3
21067,False,198,50,500-5000 (phổ biến),>30
22555,False,662,3,>5000,2-3
22155,True,230,19,500-5000 (phổ biến),11-30
21955,False,527,54,>5000,>30
22379,True,1108,3,>5000,2-3
21823,False,141,26,150-500 (vừa),11-30
22423,False,2730,19,>5000,11-30
22620,True,572,8,>5000,4-10
22026,True,247,24,500-5000 (phổ biến),11-30
15056BL,True,580,25,>5000,11-30
21169,True,543,3,>5000,2-3
21166,True,1005,2,>5000,2-3
21169,True,543,3,>5000,2-3
22737,True,341,11,500-5000 (phổ biến),11-30
22531,False,278,23,500-5000 (phổ biến),11-30
22023,True,297,26,500-5000 (phổ biến),11-30
22336,False,147,44,150-500 (vừa),>30
21165,True,686,3,>5000,2-3
22513,False,109,31,150-500 (vừa),>30
22866,False,732,36,>5000,>30
21745,False,350,8,500-5000 (phổ biến),4-10
22944,False,107,38,150-500 (vừa),>30
22297,False,689,9,>5000,4-10
82494L,True,1357,14,>5000,11-30
22750,False,438,58,500-5000 (phổ biến),>30
84949,False,463,38,500-5000 (phổ biến),>30
21587,False,180,32,500-5000 (phổ biến),>30
84754,False,160,85,500-5000 (phổ biến),>30
35400,False,280,10,500-5000 (phổ biến),4-10
22578,True,532,33,>5000,>30
20972,True,1008,10,>5000,4-10
21498,False,562,29,>5000,11-30
20724,False,1419,21,>5000,11-30
22114,True,1099,8,>5000,4-10
21915,False,710,25,>5000,11-30
22560,False,509,42,>5000,>30
35400,False,280,46,500-5000 (phổ biến),>30
22356,True,1099,38,>5000,>30
22467,False,750,9,>5000,4-10
22730,False,513,31,>5000,>30
21930,False,900,30,>5000,11-30
75049L,False,234,4,500-5000 (phổ biến),4-10
21992,True,458,41,500-5000 (phổ biến),>30
22114,False,1099,15,>5000,11-30
20996,False,231,22,500-5000 (phổ biến),11-30
21735,False,183,6,500-5000 (phổ biến),4-10
22551,False,893,10,>5000,4-10
85047,False,162,6,500-5000 (phổ biến),4-10
22563,False,381,20,500-5000 (phổ biến),11-30
75049L,False,234,2,500-5000 (phổ biến),2-3
22416,False,123,109,150-500 (vừa),>30
22560,False,509,21,>5000,11-30
22327,False,447,133,500-5000 (phổ biến),>30
21035,False,656,8,>5000,4-10
22119,False,251,33,500-5000 (phổ biến),>30
21706,True,165,9,500-5000 (phổ biến),4-10
21754,True,1456,19,>5000,11-30
21116,False,366,14,500-5000 (phổ biến),11-30
22476,False,187,34,500-5000 (phổ biến),>30
21260,False,362,2,500-5000 (phổ biến),2-3
21071,False,331,57,500-5000 (phổ biến),>30
20728,False,1444,18,>5000,11-30
84988,True,708,19,>5000,11-30
22082,False,673,15,>5000,11-30
22959,False,195,17,500-5000 (phổ biến),11-30
21992,False,458,30,500-5000 (phổ biến),11-30
85123A,True,3809,10,>5000,4-10
21986,False,342,53,500-5000 (phổ biến),>30
22585,False,755,10,>5000,4-10
20685,True,1213,3,>5000,2-3
22729,True,405,13,500-5000 (phổ biến),11-30
22748,True,513,4,>5000,4-10
21741,False,129,33,150-500 (vừa),>30
22364,False,228,5,500-5000 (phổ biến),4-10
21903,False,282,21,500-5000 (phổ biến),11-30
22113,False,708,60,>5000,>30
85123A,True,3809,16,>5000,11-30
84987,False,551,16,>5000,11-30
40016,False,160,188,500-5000 (phổ biến),>30
22118,False,194,31,500-5000 (phổ biến),>30
20702,False,188,25,500-5000 (phổ biến),11-30
22097,False,157,12,500-5000 (phổ biến),11-30
21390,False,433,5,500-5000 (phổ biến),4-10
85231G,False,161,17,500-5000 (phổ biến),11-30
21877,False,534,36,>5000,>30
22384,True,1504,27,>5000,11-30
22138,False,1344,7,>5000,4-10
22269,False,138,4,150-500 (vừa),4-10
22669,True,306,12,500-5000 (phổ biến),11-30
22272,True,209,9,500-5000 (phổ biến),4-10
84992,True,1023,11,>5000,11-30
22736,True,269,14,500-5000 (phổ biến),11-30
21790,True,1307,6,>5000,4-10
84792,False,375,34,500-5000 (phổ biến),>30
22637,False,419,11,500-5000 (phổ biến),11-30
22697,False,917,41,>5000,>30
22215,False,245,15,500-5000 (phổ biến),11-30
79066K,False,163,7,500-5000 (phổ biến),4-10
22575,False,233,12,500-5000 (phổ biến),11-30
22578,False,532,47,>5000,>30
21587,False,180,6,500-5000 (phổ biến),4-10
22551,True,893,21,>5000,11-30
84832,False,447,22,500-5000 (phổ biến),11-30
20767,False,129,13,150-500 (vừa),11-30
84832,False,447,8,500-5000 (phổ biến),4-10
22173,False,716,24,>5000,11-30
22537,False,236,69,500-5000 (phổ biến),>30
22908,False,326,18,500-5000 (phổ biến),11-30
84987,False,551,14,>5000,11-30
21915,False,710,15,>5000,11-30
21478,False,70,17,150-500 (vừa),11-30
21242,True,469,14,500-5000 (phổ biến),11-30
21333,False,156,20,500-5000 (phổ biến),11-30
21481,False,690,33,>5000,>30
22728,False,681,33,>5000,>30
20749,False,550,22,>5000,11-30
22561,False,642,24,>5000,11-30
21901,False,481,48,500-5000 (phổ biến),>30
37501,False,126,10,150-500 (vừa),4-10
22862,False,151,10,500-5000 (phổ biến),4-10
22736,False,269,56,500-5000 (phổ biến),>30
21292,False,61,30,150-500 (vừa),11-30
21231,True,1038,26,>5000,11-30
22115,False,336,31,500-5000 (phổ biến),>30
20724,False,1419,2,>5000,2-3
22865,True,839,12,>5000,11-30
22818,False,270,26,500-5000 (phổ biến),11-30
21819,False,174,27,500-5000 (phổ biến),11-30
72807B,True,150,2,150-500 (vừa),2-3
22564,False,245,14,500-5000 (phổ biến),11-30
22173,False,716,15,>5000,11-30
22423,False,2730,29,>5000,11-30
21912,False,578,20,>5000,11-30
20977,False,326,34,500-5000 (phổ biến),>30
22504,False,75,3,150-500 (vừa),2-3
20685,False,1213,23,>5000,11-30
21172,False,670,4,>5000,4-10
21671,False,510,2,>5000,2-3
85047,False,162,10,500-5000 (phổ biến),4-10
20702,True,188,10,500-5000 (phổ biến),4-10
85099F,False,1271,6,>5000,4-10
22318,False,274,5,500-5000 (phổ biến),4-10
22179,False,389,62,500-5000 (phổ biến),>30
20711,True,749,10,>5000,4-10
22465,False,311,20,500-5000 (phổ biến),11-30
22617,False,656,8,>5000,4-10
82599,False,364,47,500-5000 (phổ biến),>30
20972,False,1008,7,>5000,4-10
22367,True,802,11,>5000,11-30
22567,False,357,21,500-5000 (phổ biến),11-30
21232,False,1644,21,>5000,11-30
22109,False,432,105,500-5000 (phổ biến),>30
22470,False,1390,12,>5000,11-30
22625,True,666,7,>5000,4-10
22726,True,879,10,>5000,4-10
37495,False,239,87,500-5000 (phổ biến),>30
10133,False,190,3,500-5000 (phổ biến),2-3
22419,True,350,11,500-5000 (phổ biến),11-30
21485,False,959,21,>5000,11-30
35924,False,122,40,150-500 (vừa),>30
22171,False,450,36,500-5000 (phổ biến),>30
22366,False,400,3,500-5000 (phổ biến),2-3
21213,True,1035,9,>5000,4-10
84978,True,1028,12,>5000,11-30
22491,False,271,5,500-5000 (phổ biến),4-10
22215,False,245,23,500-5000 (phổ biến),11-30
85150,True,784,4,>5000,4-10
84997D,True,775,15,>5000,11-30
21136,False,519,10,>5000,4-10
85150,True,784,18,>5000,11-30
22633,False,595,41,>5000,>30
84270,False,319,21,500-5000 (phổ biến),11-30
21889,True,777,25,>5000,11-30
22729,False,405,190,500-5000 (phổ biến),>30
72816,False,79,12,150-500 (vừa),11-30
22469,True,1535,21,>5000,11-30
21258,False,377,67,500-5000 (phổ biến),>30
21581,False,140,97,150-500 (vừa),>30
85226A,False,91,18,150-500 (vừa),11-30
22804,False,473,17,500-5000 (phổ biến),11-30
21588,False,197,221,500-5000 (phổ biến),>30
22121,False,308,30,500-5000 (phổ biến),11-30
21777,False,258,240,500-5000 (phổ biến),>30
22633,True,595,2,>5000,2-3
22854,False,156,26,500-5000 (phổ biến),11-30
22945,False,235,27,500-5000 (phổ biến),11-30
84946,False,1220,15,>5000,11-30
22567,False,357,12,500-5000 (phổ biến),11-30
21704,False,394,28,500-5000 (phổ biến),11-30
22624,False,823,49,>5000,>30
22065,False,316,17,500-5000 (phổ biến),11-30
22524,False,213,41,500-5000 (phổ biến),>30
22365,False,313,26,500-5000 (phổ biến),11-30
22371,False,461,80,500-5000 (phổ biến),>30
22557,False,766,33,>5000,>30
84949,False,463,17,500-5000 (phổ biến),11-30
21877,False,534,23,>5000,11-30
85014B,False,620,20,>5000,11-30
20727,True,1638,15,>5000,11-30
85099C,False,1279,19,>5000,11-30
21901,True,481,28,500-5000 (phổ biến),11-30
22423,True,2730,33,>5000,>30
47566,False,1824,11,>5000,11-30
21034,False,1343,70,>5000,>30
22577,True,565,26,>5000,11-30
22759,False,549,33,>5000,>30
22717,False,144,48,150-500 (vừa),>30
79000,False,296,8,500-5000 (phổ biến),4-10
22551,False,893,2,>5000,2-3
22360,False,288,3,500-5000 (phổ biến),2-3
47599B,False,199,21,500-5000 (phổ biến),11-30
21425,False,63,22,150-500 (vừa),11-30
48138,False,1160,11,>5000,11-30
85123A,False,3809,16,>5000,11-30
84945,False,470,4,500-5000 (phổ biến),4-10
21258,False,377,36,500-5000 (phổ biến),>30
22593,True,290,5,500-5000 (phổ biến),4-10
22150,True,664,34,>5000,>30
22560,False,509,8,>5000,4-10
20685,False,1213,20,>5000,11-30
22862,False,151,4,500-5000 (phổ biến),4-10
20886,False,213,16,500-5000 (phổ biến),11-30
21926,False,94,4,150-500 (vừa),4-10
22910,True,975,26,>5000,11-30
20676,False,696,84,>5000,>30
21189,False,86,66,150-500 (vừa),>30
21976,True,668,19,>5000,11-30
22291,False,190,21,500-5000 (phổ biến),11-30
21258,False,377,9,500-5000 (phổ biến),4-10
21491,False,182,3,500-5000 (phổ biến),2-3
21590,False,192,13,500-5000 (phổ biến),11-30
21533,True,692,19,>5000,11-30
22420,True,160,6,500-5000 (phổ biến),4-10
85232B,False,381,32,500-5000 (phổ biến),>30
20727,True,1638,15,>5000,11-30
22128,False,133,51,150-500 (vừa),>30
22505,False,529,16,>5000,11-30
21212,True,2201,20,>5000,11-30
22841,True,215,5,500-5000 (phổ biến),4-10
22138,False,1344,51,>5000,>30
22604,False,175,19,500-5000 (phổ biến),11-30
21238,False,630,2,>5000,2-3
22417,False,786,25,>5000,11-30
22119,False,251,7,500-5000 (phổ biến),4-10
22763,False,87,21,150-500 (vừa),11-30
22075,False,252,71,500-5000 (phổ biến),>30
21430,False,575,36,>5000,>30
48111,False,498,15,500-5000 (phổ biến),11-30
20914,False,1415,11,>5000,11-30
22384,False,1504,74,>5000,>30
22556,False,844,12,>5000,11-30
21086,True,609,6,>5000,4-10
21710,False,76,43,150-500 (vừa),>30
21576,False,132,18,150-500 (vừa),11-30
22528,False,384,4,500-5000 (phổ biến),4-10
35001G,True,74,2,150-500 (vừa),2-3
22983,False,386,29,500-5000 (phổ biến),11-30
22121,False,308,35,500-5000 (phổ biến),>30
22548,False,285,30,500-5000 (phổ biến),11-30
40016,False,160,3,500-5000 (phổ biến),2-3
22671,False,178,20,500-5000 (phổ biến),11-30
21843,False,1097,26,>5000,11-30
84997A,False,412,79,500-5000 (phổ biến),>30
22468,False,280,17,500-5000 (phổ biến),11-30
22796,False,219,14,500-5000 (phổ biến),11-30
22694,True,598,10,>5000,4-10
85174,False,246,12,500-5000 (phổ biến),11-30
20983,False,457,44,500-5000 (phổ biến),>30
22111,True,1180,7,>5000,4-10
22785,False,86,2,150-500 (vừa),2-3
22854,False,156,17,500-5000 (phổ biến),11-30
22768,False,248,11,500-5000 (phổ biến),11-30
22570,True,571,5,>5000,4-10
22728,True,681,6,>5000,4-10
22301,False,441,25,500-5000 (phổ biến),11-30
22748,True,513,44,>5000,>30
21901,False,481,60,500-5000 (phổ biến),>30
22863,False,131,21,150-500 (vừa),11-30
22560,False,509,30,>5000,11-30
22379,False,1108,297,>5000,>30
22645,False,498,31,500-5000 (phổ biến),>30
22114,False,1099,13,>5000,11-30
22667,False,585,9,>5000,4-10
21009,False,77,70,150-500 (vừa),>30
22585,False,755,80,>5000,>30
22525,False,230,30,500-5000 (phổ biến),11-30
21108,True,434,17,500-5000 (phổ biến),11-30
22150,False,664,38,>5000,>30
82551,False,510,55,>5000,>30
21591,False,251,23,500-5000 (phổ biến),11-30
85099B,True,2782,35,>5000,>30
84879,False,1977,9,>5000,4-10
22631,True,452,4,500-5000 (phổ biến),4-10
22384,True,1504,20,>5000,11-30
21175,False,1177,28,>5000,11-30
47599A,False,258,3,500-5000 (phổ biến),2-3
21844,False,340,8,500-5000 (phổ biến),4-10
22940,True,403,12,500-5000 (phổ biến),11-30
22652,False,557,13,>5000,11-30
22570,True,571,5,>5000,4-10
21703,False,389,4,500-5000 (phổ biến),4-10
22624,False,823,6,>5000,4-10
21012,False,191,48,500-5000 (phổ biến),>30
22588,False,333,98,500-5000 (phổ biến),>30
21558,False,545,58,>5000,>30
22595,True,546,5,>5000,4-10
85123A,True,3809,8,>5000,4-10
84978,False,1028,31,>5000,>30
22548,False,285,18,500-5000 (phổ biến),11-30
21614,False,137,3,150-500 (vừa),2-3
21829,False,264,7,500-5000 (phổ biến),4-10
22383,False,1670,61,>5000,>30
21900,False,581,216,>5000,>30
48138,False,1160,14,>5000,11-30
21191,False,139,41,150-500 (vừa),>30
22727,True,934,3,>5000,2-3
22114,True,1099,15,>5000,11-30
22847,True,331,2,500-5000 (phổ biến),2-3
22383,True,1670,16,>5000,11-30
22465,False,311,40,500-5000 (phổ biến),>30
22580,False,348,10,500-5000 (phổ biến),4-10
35004C,False,243,2,500-5000 (phổ biến),2-3
85099B,True,2782,9,>5000,4-10
22843,True,122,2,150-500 (vừa),2-3
22951,True,440,14,500-5000 (phổ biến),11-30
22759,False,549,10,>5000,4-10
21777,False,258,18,500-5000 (phổ biến),11-30
22651,False,192,4,500-5000 (phổ biến),4-10
22086,False,1413,12,>5000,11-30
22910,True,975,12,>5000,11-30
22358,False,422,4,500-5000 (phổ biến),4-10
21481,False,690,9,>5000,4-10
22866,True,732,6,>5000,4-10
22118,False,194,30,500-5000 (phổ biến),11-30
85039A,True,167,7,500-5000 (phổ biến),4-10
22694,False,598,22,>5000,11-30
20956,False,170,40,500-5000 (phổ biến),>30
85172,False,110,6,150-500 (vừa),4-10
22061,False,358,11,500-5000 (phổ biến),11-30
20973,False,457,9,500-5000 (phổ biến),4-10
22070,True,219,10,500-5000 (phổ biến),4-10
22699,False,970,8,>5000,4-10
22507,False,629,60,>5000,>30
22145,False,141,19,150-500 (vừa),11-30
22766,False,453,21,500-5000 (phổ biến),11-30
22061,False,358,34,500-5000 (phổ biến),>30
22384,True,1504,15,>5000,11-30
21676,False,104,28,150-500 (vừa),11-30
85014B,False,620,11,>5000,11-30
21430,False,575,21,>5000,11-30
85014B,False,620,13,>5000,11-30
20972,False,1008,11,>5000,11-30
37447,False,236,127,500-5000 (phổ biến),>30
21931,True,1611,37,>5000,>30
22865,True,839,18,>5000,11-30
22703,False,107,54,150-500 (vừa),>30
20727,True,1638,18,>5000,11-30
22618,False,175,3,500-5000 (phổ biến),2-3
84992,True,1023,4,>5000,4-10
22335,True,362,15,500-5000 (phổ biến),11-30
22574,True,294,33,500-5000 (phổ biến),>30
84969,False,223,45,500-5000 (phổ biến),>30
48129,True,384,2,500-5000 (phổ biến),2-3
22296,False,614,9,>5000,4-10
22768,False,248,2,500-5000 (phổ biến),2-3
48184,False,594,3,>5000,2-3
21990,True,329,28,500-5000 (phổ biến),11-30
48188,False,492,2,500-5000 (phổ biến),2-3
22942,True,173,6,500-5000 (phổ biến),4-10
22654,False,415,5,500-5000 (phổ biến),4-10
22730,False,513,21,>5000,11-30
20829,False,341,22,500-5000 (phổ biến),11-30
22118,False,194,15,500-5000 (phổ biến),11-30
21232,True,1644,242,>5000,>30
48188,True,492,5,500-5000 (phổ biến),4-10
21360,False,60,36,60-150 (hiếm),>30
20985,False,193,54,500-5000 (phổ biến),>30
85099C,False,1279,36,>5000,>30
71477,False,558,11,>5000,11-30
22061,False,358,18,500-5000 (phổ biến),11-30
22634,False,341,17,500-5000 (phổ biến),11-30
21733,True,1257,4,>5000,4-10
22493,False,314,13,500-5000 (phổ biến),11-30
22906,False,317,23,500-5000 (phổ biến),11-30
22900,False,499,35,500-5000 (phổ biến),>30
22780,True,130,6,150-500 (vừa),4-10
22573,True,278,62,500-5000 (phổ biến),>30
22952,False,771,12,>5000,11-30
22114,False,1099,13,>5000,11-30
22633,True,595,5,>5000,4-10
22865,True,839,6,>5000,4-10
21844,False,340,15,500-5000 (phổ biến),11-30
85099B,True,2782,10,>5000,4-10
22149,True,965,9,>5000,4-10
21107,True,216,11,500-5000 (phổ biến),11-30
85014B,False,620,13,>5000,11-30
22749,True,467,13,500-5000 (phổ biến),11-30
22572,True,246,16,500-5000 (phổ biến),11-30
22689,False,186,5,500-5000 (phổ biến),4-10
11001,False,165,17,500-5000 (phổ biến),11-30
22149,True,965,10,>5000,4-10
21928,True,1097,5,>5000,4-10
22083,False,990,23,>5000,11-30
22854,False,156,25,500-5000 (phổ biến),11-30
22617,False,656,14,>5000,11-30
21731,False,1077,145,>5000,>30
35004C,False,243,4,500-5000 (phổ biến),4-10
85025C,False,87,10,150-500 (vừa),4-10
48185,False,690,14,>5000,11-30
21730,False,206,60,500-5000 (phổ biến),>30
22376,False,158,22,500-5000 (phổ biến),11-30
22507,False,629,25,>5000,11-30
22273,False,569,41,>5000,>30
21259,False,472,12,500-5000 (phổ biến),11-30
22492,False,512,18,>5000,11-30
22551,True,893,21,>5000,11-30
22456,False,610,32,>5000,>30
22149,False,965,84,>5000,>30
21731,False,1077,6,>5000,4-10
84032A,True,445,39,500-5000 (phổ biến),>30
21868,False,621,2,>5000,2-3
20686,False,124,25,150-500 (vừa),11-30
21907,False,522,17,>5000,11-30
22147,True,795,90,>5000,>30
22630,True,920,38,>5000,>30
21112,True,121,2,150-500 (vừa),2-3
22496,False,125,22,150-500 (vừa),11-30
22645,False,498,6,500-5000 (phổ biến),4-10
21755,False,1204,24,>5000,11-30
22952,False,771,34,>5000,>30
21329,False,374,104,500-5000 (phổ biến),>30
21700,False,374,16,500-5000 (phổ biến),11-30
21213,False,1035,37,>5000,>30
21622,False,448,15,500-5000 (phổ biến),11-30
22386,True,1585,19,>5000,11-30
35400,False,280,32,500-5000 (phổ biến),>30
22493,False,314,9,500-5000 (phổ biến),4-10
22278,False,269,22,500-5000 (phổ biến),11-30
47566B,False,534,84,>5000,>30
21703,False,389,36,500-5000 (phổ biến),>30
22865,True,839,12,>5000,11-30
22867,True,711,21,>5000,11-30
22818,True,270,39,500-5000 (phổ biến),>30
21485,False,959,26,>5000,11-30
22556,False,844,10,>5000,4-10
22064,False,472,6,500-5000 (phổ biến),4-10
85045,False,61,13,150-500 (vừa),11-30
22086,False,1413,5,>5000,4-10
22245,False,280,5,500-5000 (phổ biến),4-10
22629,False,957,69,>5000,>30
22473,False,147,6,150-500 (vừa),4-10
22726,True,879,35,>5000,>30
20677,False,516,13,>5000,11-30
22835,True,715,18,>5000,11-30
22692,True,407,5,500-5000 (phổ biến),4-10
22683,False,147,25,150-500 (vừa),11-30
17003,False,301,9,500-5000 (phổ biến),4-10
21928,False,1097,16,>5000,11-30
21158,False,216,36,500-5000 (phổ biến),>30
22792,False,179,42,500-5000 (phổ biến),>30
22560,False,509,4,>5000,4-10
22780,False,130,39,150-500 (vừa),>30
22326,False,949,26,>5000,11-30
22941,False,342,13,500-5000 (phổ biến),11-30
21890,True,388,2,500-5000 (phổ biến),2-3
71477,False,558,8,>5000,4-10
22796,False,219,4,500-5000 (phổ biến),4-10
22355,True,1196,28,>5000,11-30
21258,False,377,24,500-5000 (phổ biến),11-30
35961,False,442,17,500-5000 (phổ biến),11-30
20719,True,1102,20,>5000,11-30
21937,False,475,4,500-5000 (phổ biến),4-10
72741,False,629,34,>5000,>30
22554,False,869,32,>5000,>30
22690,False,316,8,500-5000 (phổ biến),4-10
21791,True,914,52,>5000,>30
22573,True,278,30,500-5000 (phổ biến),11-30
22173,False,716,31,>5000,>30
21175,False,1177,55,>5000,>30
22178,False,1269,4,>5000,4-10
79190D,False,76,144,150-500 (vừa),>30
22694,False,598,54,>5000,>30
22272,True,209,10,500-5000 (phổ biến),4-10
85135B,False,73,45,150-500 (vừa),>30
22328,False,805,31,>5000,>30
21914,False,658,15,>5000,11-30
22622,False,398,14,500-5000 (phổ biến),11-30
22114,False,1099,12,>5000,11-30
22272,True,209,22,500-5000 (phổ biến),11-30
22755,False,347,14,500-5000 (phổ biến),11-30
22195,True,564,8,>5000,4-10
21523,False,777,15,>5000,11-30
22441,False,333,18,500-5000 (phổ biến),11-30
21175,True,1177,19,>5000,11-30
22467,False,750,13,>5000,11-30
22561,False,642,88,>5000,>30
85199L,False,190,59,500-5000 (phổ biến),>30
22452,False,176,7,500-5000 (phổ biến),4-10
22147,True,795,4,>5000,4-10
22470,True,1390,6,>5000,4-10
82486,True,903,18,>5000,11-30
22507,False,629,38,>5000,>30
22898,False,330,35,500-5000 (phổ biến),>30
21527,False,591,26,>5000,11-30
22111,True,1180,37,>5000,>30
22646,False,608,55,>5000,>30
22862,False,151,24,500-5000 (phổ biến),11-30
21820,False,123,78,150-500 (vừa),>30
22086,False,1413,27,>5000,11-30
22840,False,290,33,500-5000 (phổ biến),>30
85199L,False,190,18,500-5000 (phổ biến),11-30
22734,False,511,15,>5000,11-30
22041,False,382,16,500-5000 (phổ biến),11-30
84880,False,275,29,500-5000 (phổ biến),11-30
22139,False,1435,45,>5000,>30
22814,False,211,52,500-5000 (phổ biến),>30
22299,False,140,50,150-500 (vừa),>30
21147,False,81,11,150-500 (vừa),11-30
22198,True,434,3,500-5000 (phổ biến),2-3
48188,False,492,21,500-5000 (phổ biến),11-30
20761,False,103,8,150-500 (vừa),4-10
22628,False,244,9,500-5000 (phổ biến),4-10
71477,False,558,20,>5000,11-30
22838,False,187,2,500-5000 (phổ biến),2-3
22109,False,432,9,500-5000 (phổ biến),4-10
22834,False,423,14,500-5000 (phổ biến),11-30
22845,False,273,26,500-5000 (phổ biến),11-30
21955,False,527,15,>5000,11-30
22600,False,311,89,500-5000 (phổ biến),>30
21934,True,503,20,>5000,11-30
21868,False,621,22,>5000,11-30
84946,False,1220,12,>5000,11-30
22178,False,1269,9,>5000,4-10
22941,True,342,2,500-5000 (phổ biến),2-3
21135,False,276,54,500-5000 (phổ biến),>30
22837,False,306,18,500-5000 (phổ biến),11-30
22118,False,194,54,500-5000 (phổ biến),>30
22198,False,434,2,500-5000 (phổ biến),2-3
22798,True,250,20,500-5000 (phổ biến),11-30
22910,False,975,7,>5000,4-10
22592,False,213,17,500-5000 (phổ biến),11-30
21272,False,231,5,500-5000 (phổ biến),4-10
22114,False,1099,11,>5000,11-30
21219,False,110,23,150-500 (vừa),11-30
22727,True,934,9,>5000,4-10
22629,True,957,3,>5000,2-3
48116,True,350,2,500-5000 (phổ biến),2-3
22386,True,1585,44,>5000,>30
20971,True,808,34,>5000,>30
21888,False,574,7,>5000,4-10
22480,False,198,49,500-5000 (phổ biến),>30
22942,False,173,44,500-5000 (phổ biến),>30
22951,False,440,68,500-5000 (phổ biến),>30
35923,False,72,18,150-500 (vừa),11-30
48138,False,1160,18,>5000,11-30
82482,False,1389,50,>5000,>30
21865,False,219,26,500-5000 (phổ biến),11-30
22942,False,173,29,500-5000 (phổ biến),11-30
84970S,False,1002,49,>5000,>30
22548,False,285,103,500-5000 (phổ biến),>30
22736,False,269,38,500-5000 (phổ biến),>30
35961,False,442,12,500-5000 (phổ biến),11-30
22306,False,114,15,150-500 (vừa),11-30
22127,False,111,15,150-500 (vừa),11-30
22575,False,233,375,500-5000 (phổ biến),>30
21677,False,186,69,500-5000 (phổ biến),>30
22197,True,1654,22,>5000,11-30
22737,False,341,50,500-5000 (phổ biến),>30
84078A,False,228,14,500-5000 (phổ biến),11-30
21889,False,777,50,>5000,>30
84030E,False,336,38,500-5000 (phổ biến),>30
84596F,False,417,53,500-5000 (phổ biến),>30
22791,False,312,5,500-5000 (phổ biến),4-10
22207,False,322,6,500-5000 (phổ biến),4-10
22501,False,514,24,>5000,11-30
21068,False,268,19,500-5000 (phổ biến),11-30
48188,False,492,13,500-5000 (phổ biến),11-30
22774,False,134,11,150-500 (vừa),11-30
22178,False,1269,9,>5000,4-10
22697,True,917,5,>5000,4-10
21906,False,292,28,500-5000 (phổ biến),11-30
21430,False,575,4,>5000,4-10
22844,False,344,164,500-5000 (phổ biến),>30
84843,False,71,32,150-500 (vừa),>30
21696,False,71,37,150-500 (vừa),>30
22478,False,219,114,500-5000 (phổ biến),>30
21452,False,282,133,500-5000 (phổ biến),>30
22142,False,368,20,500-5000 (phổ biến),11-30
22507,False,629,61,>5000,>30
22712,False,350,117,500-5000 (phổ biến),>30
22374,False,284,19,500-5000 (phổ biến),11-30
72232,False,87,7,150-500 (vừa),4-10
22822,False,124,2,150-500 (vừa),2-3
21911,False,253,17,500-5000 (phổ biến),11-30
22042,False,99,32,150-500 (vừa),>30
21181,True,1269,24,>5000,11-30
21069,False,196,34,500-5000 (phổ biến),>30
20754,False,576,56,>5000,>30
48138,True,1160,6,>5000,4-10
21731,False,1077,40,>5000,>30
20750,True,632,8,>5000,4-10
22688,False,68,12,150-500 (vừa),11-30
22841,False,215,9,500-5000 (phổ biến),4-10
84520B,False,519,53,>5000,>30
21591,False,251,12,500-5000 (phổ biến),11-30
20711,True,749,6,>5000,4-10
22795,False,341,35,500-5000 (phổ biến),>30
20712,False,984,10,>5000,4-10
21216,False,559,26,>5000,11-30
22946,False,201,11,500-5000 (phổ biến),11-30
15034,False,178,6,500-5000 (phổ biến),4-10
21539,False,491,39,500-5000 (phổ biến),>30
21630,True,73,4,150-500 (vừa),4-10
22840,True,290,3,500-5000 (phổ biến),2-3
22801,False,205,110,500-5000 (phổ biến),>30
82494L,False,1357,19,>5000,11-30
22633,False,595,12,>5000,11-30
22867,True,711,16,>5000,11-30
84946,True,1220,5,>5000,4-10
21733,True,1257,12,>5000,11-30
84536A,True,418,6,500-5000 (phổ biến),4-10
22666,False,1168,63,>5000,>30
20886,False,213,57,500-5000 (phổ biến),>30
22536,False,253,53,500-5000 (phổ biến),>30
21524,False,800,15,>5000,11-30
22665,True,488,3,500-5000 (phổ biến),2-3
85114A,False,68,6,150-500 (vừa),4-10
82484,False,829,10,>5000,4-10
21488,False,255,13,500-5000 (phổ biến),11-30
85152,True,1047,6,>5000,4-10
16161U,False,219,35,500-5000 (phổ biến),>30
35004C,False,243,2,500-5000 (phổ biến),2-3
21064,False,122,21,150-500 (vừa),11-30
22754,False,345,51,500-5000 (phổ biến),>30
22632,False,558,14,>5000,11-30
21485,False,959,12,>5000,11-30
22254,False,105,45,150-500 (vừa),>30
22822,False,124,20,150-500 (vừa),11-30
22325,False,147,9,150-500 (vừa),4-10
82494L,False,1357,10,>5000,4-10
22906,False,317,35,500-5000 (phổ biến),>30
70007,True,135,20,150-500 (vừa),11-30
16161U,False,219,25,500-5000 (phổ biến),11-30
21901,False,481,181,500-5000 (phổ biến),>30
22952,False,771,83,>5000,>30
22835,True,715,25,>5000,11-30
22423,True,2730,4,>5000,4-10
22327,False,447,19,500-5000 (phổ biến),11-30
22968,False,220,5,500-5000 (phổ biến),4-10
21041,False,360,3,500-5000 (phổ biến),2-3
21843,True,1097,42,>5000,>30
72807B,False,150,54,150-500 (vừa),>30
20713,True,881,5,>5000,4-10
21098,True,400,20,500-5000 (phổ biến),11-30
21742,False,127,23,150-500 (vừa),11-30
22469,False,1535,27,>5000,11-30
47591D,False,750,33,>5000,>30
22797,False,100,7,150-500 (vừa),4-10
82494L,False,1357,28,>5000,11-30
84991,True,1455,56,>5000,>30
22951,False,440,33,500-5000 (phổ biến),>30
72760B,False,349,22,500-5000 (phổ biến),11-30
22966,True,508,9,>5000,4-10
22480,False,198,38,500-5000 (phổ biến),>30
22144,True,496,4,500-5000 (phổ biến),4-10
82582,False,567,19,>5000,11-30
21733,True,1257,25,>5000,11-30
22540,False,129,7,150-500 (vừa),4-10
21841,False,90,26,150-500 (vừa),11-30
20728,True,1444,49,>5000,>30
84879,False,1977,458,>5000,>30
22487,False,636,18,>5000,11-30
84375,True,554,11,>5000,11-30
84347,False,522,4,>5000,4-10
22533,False,170,11,500-5000 (phổ biến),11-30
22792,False,179,12,500-5000 (phổ biến),11-30
21588,False,197,11,500-5000 (phổ biến),11-30
48185,False,690,5,>5000,4-10
21974,False,539,18,>5000,11-30
84992,False,1023,23,>5000,11-30
21035,False,656,9,>5000,4-10
22180,False,295,35,500-5000 (phổ biến),>30
22866,True,732,21,>5000,11-30
22955,False,124,9,150-500 (vừa),4-10
22139,False,1435,51,>5000,>30
22457,True,1461,7,>5000,4-10
85123A,False,3809,34,>5000,>30
22588,False,333,14,500-5000 (phổ biến),11-30
22865,True,839,42,>5000,>30
72741,False,629,5,>5000,4-10
22632,False,558,2,>5000,2-3
22304,False,117,19,150-500 (vừa),11-30
21210,False,792,24,>5000,11-30
22174,True,382,5,500-5000 (phổ biến),4-10
20967,False,194,32,500-5000 (phổ biến),>30
85038,False,273,20,500-5000 (phổ biến),11-30
22726,True,879,13,>5000,11-30
21071,False,331,27,500-5000 (phổ biến),11-30
22114,True,1099,6,>5000,4-10
22862,False,151,9,500-5000 (phổ biến),4-10
22469,True,1535,4,>5000,4-10
22726,True,879,6,>5000,4-10
22294,False,596,2,>5000,2-3
22179,False,389,16,500-5000 (phổ biến),11-30
22082,False,673,24,>5000,11-30
21537,False,167,33,500-5000 (phổ biến),>30
22411,False,1534,22,>5000,11-30
47504K,False,209,30,500-5000 (phổ biến),11-30
21356,False,242,8,500-5000 (phổ biến),4-10
22457,True,1461,39,>5000,>30
22729,False,405,64,500-5000 (phổ biến),>30
21872,False,236,459,500-5000 (phổ biến),>30
85099C,False,1279,5,>5000,4-10
85066,False,617,12,>5000,11-30
84947,False,471,5,500-5000 (phổ biến),4-10
22141,True,406,19,500-5000 (phổ biến),11-30
22382,False,1508,32,>5000,>30
21945,True,167,13,500-5000 (phổ biến),11-30
22061,False,358,31,500-5000 (phổ biến),>30
21034,False,1343,36,>5000,>30
84030E,True,336,17,500-5000 (phổ biến),11-30
37450,True,261,4,500-5000 (phổ biến),4-10
20665,False,247,22,500-5000 (phổ biến),11-30
22185,False,332,55,500-5000 (phổ biến),>30
15056N,False,720,13,>5000,11-30
22581,True,269,24,500-5000 (phổ biến),11-30
20713,True,881,3,>5000,2-3
21980,True,463,7,500-5000 (phổ biến),4-10
22556,False,844,63,>5000,>30
22865,True,839,16,>5000,11-30
22555,False,662,28,>5000,11-30
37370,False,333,2,500-5000 (phổ biến),2-3
22427,False,567,2,>5000,2-3
22748,True,513,22,>5000,11-30
22035,False,251,27,500-5000 (phổ biến),11-30
85123A,True,3809,5,>5000,4-10
22086,True,1413,58,>5000,>30
21915,False,710,51,>5000,>30
71477,False,558,6,>5000,4-10
22671,False,178,54,500-5000 (phổ biến),>30
20668,False,255,19,500-5000 (phổ biến),11-30
21481,True,690,12,>5000,11-30
22331,False,290,30,500-5000 (phổ biến),11-30
22326,True,949,26,>5000,11-30
84536B,True,279,8,500-5000 (phổ biến),4-10
22482,False,163,81,500-5000 (phổ biến),>30
35953,False,115,45,150-500 (vừa),>30
21391,False,119,4,150-500 (vừa),4-10
84970S,True,1002,7,>5000,4-10
22817,False,248,14,500-5000 (phổ biến),11-30
22569,True,546,13,>5000,11-30
22845,False,273,12,500-5000 (phổ biến),11-30
21824,False,147,26,150-500 (vừa),11-30
22379,False,1108,5,>5000,4-10
84029E,True,794,7,>5000,4-10
22961,True,858,22,>5000,11-30
21421,False,66,19,150-500 (vừa),11-30
85178,False,210,38,500-5000 (phổ biến),>30
22585,False,755,47,>5000,>30
22052,False,83,99,150-500 (vừa),>30
21328,True,455,52,500-5000 (phổ biến),>30
47591D,False,750,7,>5000,4-10
21519,False,370,34,500-5000 (phổ biến),>30
82582,False,567,2,>5000,2-3
20977,False,326,71,500-5000 (phổ biến),>30
22791,False,312,6,500-5000 (phổ biến),4-10
22112,True,1211,12,>5000,11-30
21328,True,455,146,500-5000 (phổ biến),>30
22111,True,1180,12,>5000,11-30
79164,False,61,33,150-500 (vừa),>30
22573,True,278,30,500-5000 (phổ biến),11-30
20969,False,423,21,500-5000 (phổ biến),11-30
22962,True,245,3,500-5000 (phổ biến),2-3
21464,True,155,6,500-5000 (phổ biến),4-10
84077,False,699,5,>5000,4-10
21479,True,655,9,>5000,4-10
85049E,False,566,48,>5000,>30
22625,False,666,56,>5000,>30
22577,True,565,3,>5000,2-3
21155,False,661,12,>5000,11-30
22837,False,306,24,500-5000 (phổ biến),11-30
71053,False,505,16,>5000,11-30
22779,True,143,5,150-500 (vừa),4-10
22729,True,405,14,500-5000 (phổ biến),11-30
22633,True,595,2,>5000,2-3
21328,True,455,74,500-5000 (phổ biến),>30
22961,True,858,2,>5000,2-3
22633,True,595,5,>5000,4-10
22454,False,132,44,150-500 (vừa),>30
22187,False,255,9,500-5000 (phổ biến),4-10
22333,False,475,11,500-5000 (phổ biến),11-30
22492,False,512,19,>5000,11-30
22785,False,86,62,150-500 (vừa),>30
85199S,False,335,9,500-5000 (phổ biến),4-10
37446,True,290,2,500-5000 (phổ biến),2-3
21705,False,155,11,500-5000 (phổ biến),11-30
22457,True,1461,9,>5000,4-10
21272,False,231,14,500-5000 (phổ biến),11-30
21915,True,710,21,>5000,11-30
22419,False,350,48,500-5000 (phổ biến),>30
82494L,True,1357,16,>5000,11-30
21931,True,1611,21,>5000,11-30
21877,False,534,20,>5000,11-30
22188,False,408,63,500-5000 (phổ biến),>30
22465,False,311,5,500-5000 (phổ biến),4-10
20749,False,550,4,>5000,4-10
85038,False,273,21,500-5000 (phổ biến),11-30
21561,False,356,16,500-5000 (phổ biến),11-30
22961,True,858,7,>5000,4-10
20975,False,618,5,>5000,4-10
85178,False,210,2,500-5000 (phổ biến),2-3
22264,False,110,11,150-500 (vừa),11-30
22570,True,571,12,>5000,11-30
21975,True,933,17,>5000,11-30
21329,True,374,9,500-5000 (phổ biến),4-10
85049G,False,359,10,500-5000 (phổ biến),4-10
20665,False,247,15,500-5000 (phổ biến),11-30
79321,False,793,2,>5000,2-3
22697,True,917,12,>5000,11-30
84836,False,1014,8,>5000,4-10
22565,True,191,13,500-5000 (phổ biến),11-30
22562,False,289,51,500-5000 (phổ biến),>30
84946,True,1220,5,>5000,4-10
22926,True,150,3,150-500 (vừa),2-3
22469,False,1535,25,>5000,11-30
22110,False,337,50,500-5000 (phổ biến),>30
21164,False,504,115,>5000,>30
22574,True,294,3,500-5000 (phổ biến),2-3
22470,False,1390,95,>5000,>30
22866,True,732,10,>5000,4-10
22752,False,464,26,500-5000 (phổ biến),11-30
22791,False,312,21,500-5000 (phổ biến),11-30
21485,True,959,4,>5000,4-10
22924,False,64,56,150-500 (vừa),>30
20972,True,1008,7,>5000,4-10
21259,False,472,9,500-5000 (phổ biến),4-10
21990,True,329,594,500-5000 (phổ biến),>30
21291,False,102,10,150-500 (vừa),4-10
22752,False,464,14,500-5000 (phổ biến),11-30
21558,False,545,48,>5000,>30
22470,False,1390,23,>5000,11-30
22593,True,290,10,500-5000 (phổ biến),4-10
85062,False,247,16,500-5000 (phổ biến),11-30
22837,False,306,3,500-5000 (phổ biến),2-3
21080,True,1511,18,>5000,11-30
22151,False,530,22,>5000,11-30
22747,True,284,19,500-5000 (phổ biến),11-30
22379,True,1108,3,>5000,2-3
22910,True,975,21,>5000,11-30
22475,False,172,23,500-5000 (phổ biến),11-30
22111,True,1180,14,>5000,11-30
48194,True,970,5,>5000,4-10
22791,False,312,6,500-5000 (phổ biến),4-10
22909,True,723,44,>5000,>30
21587,False,180,12,500-5000 (phổ biến),11-30
22752,False,464,5,500-5000 (phổ biến),4-10
21231,True,1038,22,>5000,11-30
85099B,True,2782,13,>5000,11-30
22943,False,244,6,500-5000 (phổ biến),4-10
22804,False,473,9,500-5000 (phổ biến),4-10
85049E,False,566,6,>5000,4-10
84378,True,868,14,>5000,11-30
22139,False,1435,21,>5000,11-30
20711,True,749,27,>5000,11-30
22867,False,711,15,>5000,11-30
22644,False,424,17,500-5000 (phổ biến),11-30
22111,False,1180,30,>5000,11-30
16237,False,402,19,500-5000 (phổ biến),11-30
21381,False,363,31,500-5000 (phổ biến),>30
22551,True,893,11,>5000,11-30
82582,False,567,24,>5000,11-30
22620,True,572,16,>5000,11-30
22457,True,1461,16,>5000,11-30
20685,False,1213,10,>5000,4-10
10135,False,221,35,500-5000 (phổ biến),>30
47580,False,230,20,500-5000 (phổ biến),11-30
22622,True,398,12,500-5000 (phổ biến),11-30
22112,True,1211,16,>5000,11-30
22193,False,449,29,500-5000 (phổ biến),11-30
10133,False,190,5,500-5000 (phổ biến),4-10
21191,False,139,647,150-500 (vừa),>30
20914,False,1415,26,>5000,11-30
22736,False,269,38,500-5000 (phổ biến),>30
21284,False,95,11,150-500 (vừa),11-30
21430,False,575,2,>5000,2-3
47590B,True,618,5,>5000,4-10
15060B,False,306,45,500-5000 (phổ biến),>30
21882,False,83,65,150-500 (vừa),>30
85123A,True,3809,9,>5000,4-10
22812,True,314,15,500-5000 (phổ biến),11-30
22333,False,475,33,500-5000 (phổ biến),>30
22795,False,341,51,500-5000 (phổ biến),>30
22586,False,201,23,500-5000 (phổ biến),11-30
20728,False,1444,606,>5000,>30
21903,False,282,37,500-5000 (phổ biến),>30
22112,True,1211,18,>5000,11-30
22110,False,337,34,500-5000 (phổ biến),>30
84559B,False,139,26,150-500 (vừa),11-30
48173C,False,351,32,500-5000 (phổ biến),>30
22646,False,608,41,>5000,>30
21871,False,536,126,>5000,>30
21563,False,254,487,500-5000 (phổ biến),>30
22620,False,572,19,>5000,11-30
22625,True,666,15,>5000,11-30
82483,True,801,2,>5000,2-3
22348,True,675,11,>5000,11-30
84212,False,188,2,500-5000 (phổ biến),2-3
22489,True,555,25,>5000,11-30
21669,True,551,41,>5000,>30
21326,False,426,44,500-5000 (phổ biến),>30
20724,True,1419,37,>5000,>30
79000,False,296,21,500-5000 (phổ biến),11-30
20802,False,83,10,150-500 (vừa),4-10
21892,False,584,5,>5000,4-10
21175,False,1177,16,>5000,11-30
85099B,False,2782,19,>5000,11-30
47566,False,1824,18,>5000,11-30
84032B,False,409,44,500-5000 (phổ biến),>30
21181,False,1269,26,>5000,11-30
22739,True,393,25,500-5000 (phổ biến),11-30
22692,False,407,11,500-5000 (phổ biến),11-30
22654,False,415,17,500-5000 (phổ biến),11-30
22621,False,619,9,>5000,4-10
22748,True,513,12,>5000,11-30
84945,False,470,3,500-5000 (phổ biến),2-3
21212,True,2201,19,>5000,11-30
10002,False,242,53,500-5000 (phổ biến),>30
82582,False,567,19,>5000,11-30
22739,False,393,26,500-5000 (phổ biến),11-30
22063,False,244,12,500-5000 (phổ biến),11-30
20754,True,576,16,>5000,11-30
22222,False,282,5,500-5000 (phổ biến),4-10
21883,False,147,17,150-500 (vừa),11-30
21080,True,1511,3,>5000,2-3
22024,False,300,36,500-5000 (phổ biến),>30
22360,False,288,3,500-5000 (phổ biến),2-3
21181,True,1269,11,>5000,11-30
85099B,True,2782,12,>5000,11-30
46000M,False,229,2,500-5000 (phổ biến),2-3
22377,False,294,30,500-5000 (phổ biến),11-30
20856,False,82,28,150-500 (vừa),11-30
21914,False,658,7,>5000,4-10
22625,False,666,20,>5000,11-30
20713,True,881,9,>5000,4-10
22749,False,467,6,500-5000 (phổ biến),4-10
21523,True,777,9,>5000,4-10
22988,True,300,8,500-5000 (phổ biến),4-10
22381,True,766,19,>5000,11-30
84997A,True,412,4,500-5000 (phổ biến),4-10
21411,False,437,18,500-5000 (phổ biến),11-30
21791,True,914,45,>5000,>30
82484,True,829,4,>5000,4-10
22423,False,2730,12,>5000,11-30
21880,True,239,14,500-5000 (phổ biến),11-30
22296,False,614,11,>5000,11-30
85135B,False,73,4,150-500 (vừa),4-10
22470,False,1390,21,>5000,11-30
22423,False,2730,6,>5000,4-10
84536B,False,279,438,500-5000 (phổ biến),>30
22720,False,995,7,>5000,4-10
22563,False,381,17,500-5000 (phổ biến),11-30
21642,False,173,11,500-5000 (phổ biến),11-30
21535,False,780,2,>5000,2-3
84997A,False,412,15,500-5000 (phổ biến),11-30
84347,False,522,278,>5000,>30
21181,True,1269,30,>5000,11-30
22112,True,1211,6,>5000,4-10
22111,False,1180,2,>5000,2-3
22843,False,122,19,150-500 (vừa),11-30
21671,True,510,43,>5000,>30
22179,False,389,4,500-5000 (phổ biến),4-10
84880,False,275,4,500-5000 (phổ biến),4-10
21110,False,208,54,500-5000 (phổ biến),>30
22784,False,254,11,500-5000 (phổ biến),11-30
22360,False,288,47,500-5000 (phổ biến),>30
22357,False,307,27,500-5000 (phổ biến),11-30
82001S,True,166,3,500-5000 (phổ biến),2-3
21394,False,107,8,150-500 (vừa),4-10
22258,False,90,3,150-500 (vừa),2-3
22507,False,629,10,>5000,4-10
84030E,False,336,9,500-5000 (phổ biến),4-10
85123A,False,3809,7,>5000,4-10
85099B,True,2782,3,>5000,2-3
21870,False,443,51,500-5000 (phổ biến),>30
22194,False,116,24,150-500 (vừa),11-30
22587,False,211,17,500-5000 (phổ biến),11-30
21156,False,649,3,>5000,2-3
22467,False,750,5,>5000,4-10
48187,False,893,31,>5000,>30
21421,True,66,2,150-500 (vừa),2-3
22613,False,196,52,500-5000 (phổ biến),>30
22364,True,228,6,500-5000 (phổ biến),4-10
21731,True,1077,12,>5000,11-30
22247,False,130,351,150-500 (vừa),>30
84375,False,554,10,>5000,4-10
71038,False,96,16,150-500 (vừa),11-30
22983,False,386,39,500-5000 (phổ biến),>30
21733,False,1257,18,>5000,11-30
22138,False,1344,41,>5000,>30
21165,True,686,20,>5000,11-30
21217,False,628,16,>5000,11-30
22900,False,499,7,500-5000 (phổ biến),4-10
21080,False,1511,9,>5000,4-10
84378,False,868,18,>5000,11-30
22847,False,331,20,500-5000 (phổ biến),11-30
85059,False,141,23,150-500 (vừa),11-30
21874,False,448,35,500-5000 (phổ biến),>30
22469,True,1535,4,>5000,4-10
22659,True,760,9,>5000,4-10
21259,False,472,13,500-5000 (phổ biến),11-30
22652,False,557,17,>5000,11-30
21326,False,426,9,500-5000 (phổ biến),4-10
85214,False,118,73,150-500 (vừa),>30
21658,False,360,5,500-5000 (phổ biến),4-10
22566,True,207,16,500-5000 (phổ biến),11-30
21428,False,319,16,500-5000 (phổ biến),11-30
22746,False,401,12,500-5000 (phổ biến),11-30
85087,True,89,459,150-500 (vừa),>30
22727,True,934,39,>5000,>30
21240,True,528,11,>5000,11-30
84536A,False,418,79,500-5000 (phổ biến),>30
85123A,True,3809,15,>5000,11-30
85049E,False,566,6,>5000,4-10
46000S,False,235,14,500-5000 (phổ biến),11-30
22380,True,476,19,500-5000 (phổ biến),11-30
22241,False,332,41,500-5000 (phổ biến),>30
47504H,False,93,359,150-500 (vừa),>30
85067,False,110,12,150-500 (vừa),11-30
22962,False,245,18,500-5000 (phổ biến),11-30
22487,False,636,10,>5000,4-10
20728,True,1444,6,>5000,4-10
22470,False,1390,28,>5000,11-30
22624,False,823,25,>5000,11-30
22960,True,811,19,>5000,11-30
22563,False,381,23,500-5000 (phổ biến),11-30
84692,False,765,49,>5000,>30
21232,False,1644,31,>5000,>30
84992,False,1023,32,>5000,>30
22838,False,187,60,500-5000 (phổ biến),>30
84520B,False,519,4,>5000,4-10
22183,True,137,454,150-500 (vừa),>30
21790,False,1307,377,>5000,>30
85039C,False,76,354,150-500 (vừa),>30
20829,False,341,8,500-5000 (phổ biến),4-10
22661,True,446,9,500-5000 (phổ biến),4-10
21723,False,98,14,150-500 (vừa),11-30
85014A,False,464,101,500-5000 (phổ biến),>30
21715,False,316,25,500-5000 (phổ biến),11-30
22505,False,529,33,>5000,>30
84218,False,68,22,150-500 (vừa),11-30
20677,True,516,33,>5000,>30
22383,True,1670,71,>5000,>30
22430,False,264,21,500-5000 (phổ biến),11-30
22138,False,1344,6,>5000,4-10
21033,False,390,16,500-5000 (phổ biến),11-30
22139,False,1435,2,>5000,2-3
22151,False,530,17,>5000,11-30
82484,False,829,11,>5000,11-30
22605,True,439,8,500-5000 (phổ biến),4-10
82483,True,801,10,>5000,4-10
21314,True,719,6,>5000,4-10
21169,True,543,18,>5000,11-30
22543,False,85,18,150-500 (vừa),11-30
71053,False,505,11,>5000,11-30
84879,False,1977,8,>5000,4-10
22961,False,858,27,>5000,11-30
22553,False,752,47,>5000,>30
21931,True,1611,5,>5000,4-10
21967,True,342,5,500-5000 (phổ biến),4-10
22379,False,1108,11,>5000,11-30
22209,True,162,24,500-5000 (phổ biến),11-30
22666,False,1168,71,>5000,>30
22799,False,75,12,150-500 (vừa),11-30
22971,False,187,3,500-5000 (phổ biến),2-3
20713,True,881,8,>5000,4-10
22746,True,401,8,500-5000 (phổ biến),4-10
22961,False,858,36,>5000,>30
22558,False,844,18,>5000,11-30
84520B,False,519,17,>5000,11-30
82482,True,1389,45,>5000,>30
21080,True,1511,4,>5000,4-10
22631,True,452,15,500-5000 (phổ biến),11-30
22077,False,1221,9,>5000,4-10
21733,False,1257,11,>5000,11-30
22192,True,387,17,500-5000 (phổ biến),11-30
22974,False,144,22,150-500 (vừa),11-30
21313,False,301,16,500-5000 (phổ biến),11-30
22729,True,405,21,500-5000 (phổ biến),11-30
20679,False,496,12,500-5000 (phổ biến),11-30
22149,False,965,16,>5000,11-30
21231,False,1038,8,>5000,4-10
21891,False,583,30,>5000,11-30
21165,True,686,5,>5000,4-10
48129,True,384,9,500-5000 (phổ biến),4-10
48111,True,498,12,500-5000 (phổ biến),11-30
22423,False,2730,48,>5000,>30
22196,True,687,64,>5000,>30
22024,True,300,40,500-5000 (phổ biến),>30
22178,False,1269,2,>5000,2-3
22627,False,427,20,500-5000 (phổ biến),11-30
21622,False,448,14,500-5000 (phổ biến),11-30
22558,False,844,5,>5000,4-10
84949,False,463,3,500-5000 (phổ biến),2-3
22470,False,1390,19,>5000,11-30
22607,False,519,3,>5000,2-3
22413,False,617,45,>5000,>30
21485,True,959,14,>5000,11-30
21355,False,237,21,500-5000 (phổ biến),11-30
22510,False,65,39,150-500 (vừa),>30
84879,False,1977,17,>5000,11-30
21386,False,79,11,150-500 (vừa),11-30
22753,False,278,56,500-5000 (phổ biến),>30
22513,False,109,178,150-500 (vừa),>30
22099,False,199,33,500-5000 (phổ biến),>30
22797,False,100,16,150-500 (vừa),11-30
22822,False,124,9,150-500 (vừa),4-10
21143,False,127,20,150-500 (vừa),11-30
22665,False,488,29,500-5000 (phổ biến),11-30
20727,True,1638,11,>5000,11-30
20975,True,618,6,>5000,4-10
22646,False,608,17,>5000,11-30
22303,True,388,12,500-5000 (phổ biến),11-30
22744,False,199,15,500-5000 (phổ biến),11-30
22975,False,132,70,150-500 (vừa),>30
22766,False,453,26,500-5000 (phổ biến),11-30
22759,False,549,40,>5000,>30
22822,False,124,26,150-500 (vừa),11-30
22412,False,288,5,500-5000 (phổ biến),4-10
22411,True,1534,41,>5000,>30
47567B,True,235,7,500-5000 (phổ biến),4-10
22960,True,811,18,>5000,11-30
21914,False,658,62,>5000,>30
22843,False,122,41,150-500 (vừa),>30
85099C,True,1279,54,>5000,>30
22173,False,716,2,>5000,2-3
47590A,True,483,3,500-5000 (phổ biến),2-3
22804,False,473,22,500-5000 (phổ biến),11-30
85099F,True,1271,4,>5000,4-10
22433,False,275,24,500-5000 (phổ biến),11-30
20724,True,1419,9,>5000,4-10
84378,True,868,18,>5000,11-30
47590A,False,483,6,500-5000 (phổ biến),4-10
22488,False,574,129,>5000,>30
22729,False,405,38,500-5000 (phổ biến),>30
82484,True,829,4,>5000,4-10
84378,True,868,7,>5000,4-10
84946,True,1220,3,>5000,2-3
21411,False,437,3,500-5000 (phổ biến),2-3
22859,True,113,12,150-500 (vừa),11-30
21238,True,630,20,>5000,11-30
22457,False,1461,137,>5000,>30
22493,False,314,11,500-5000 (phổ biến),11-30
22957,False,152,17,500-5000 (phổ biến),11-30
21559,False,846,19,>5000,11-30
21326,False,426,3,500-5000 (phổ biến),2-3
47566B,False,534,8,>5000,4-10
22986,False,145,30,150-500 (vừa),11-30
85150,False,784,59,>5000,>30
22624,False,823,2,>5000,2-3
22193,True,449,10,500-5000 (phổ biến),4-10
22156,False,417,2,500-5000 (phổ biến),2-3
22470,True,1390,2,>5000,2-3
22545,True,129,13,150-500 (vừa),11-30
79066K,False,163,9,500-5000 (phổ biến),4-10
84763,False,118,59,150-500 (vừa),>30
21894,False,158,36,500-5000 (phổ biến),>30
20675,True,478,15,500-5000 (phổ biến),11-30
85099B,True,2782,10,>5000,4-10
23231,False,183,15,500-5000 (phổ biến),11-30
22386,True,1585,7,>5000,4-10
21421,True,66,4,150-500 (vừa),4-10
22618,False,175,12,500-5000 (phổ biến),11-30
22326,False,949,69,>5000,>30
22384,True,1504,18,>5000,11-30
22907,False,558,51,>5000,>30
22215,False,245,3,500-5000 (phổ biến),2-3
21216,True,559,17,>5000,11-30
21790,False,1307,19,>5000,11-30
15036,False,693,5,>5000,4-10
62096A,False,61,28,150-500 (vừa),11-30
22746,True,401,10,500-5000 (phổ biến),4-10
21868,False,621,13,>5000,11-30
22960,True,811,13,>5000,11-30
21621,False,926,7,>5000,4-10
84279P,False,216,41,500-5000 (phổ biến),>30
22457,False,1461,12,>5000,11-30
21340,False,297,29,500-5000 (phổ biến),11-30
22650,False,189,47,500-5000 (phổ biến),>30
21703,True,389,3,500-5000 (phổ biến),2-3
22646,False,608,15,>5000,11-30
22326,True,949,19,>5000,11-30
21164,False,504,27,>5000,11-30
21519,False,370,6,500-5000 (phổ biến),4-10
22148,False,216,3,500-5000 (phổ biến),2-3
21080,False,1511,36,>5000,>30
22677,False,218,64,500-5000 (phổ biến),>30
22771,True,345,7,500-5000 (phổ biến),4-10
23230,False,151,15,500-5000 (phổ biến),11-30
22937,False,111,21,150-500 (vừa),11-30
22720,False,995,13,>5000,11-30
21094,True,712,14,>5000,11-30
20711,False,749,167,>5000,>30
22113,True,708,4,>5000,4-10
22908,False,326,17,500-5000 (phổ biến),11-30
22525,True,230,57,500-5000 (phổ biến),>30
22694,True,598,8,>5000,4-10
22423,False,2730,4,>5000,4-10
22745,False,498,14,500-5000 (phổ biến),11-30
85176,False,205,46,500-5000 (phổ biến),>30
20658,False,234,30,500-5000 (phổ biến),11-30
21524,False,800,16,>5000,11-30
22849,False,102,43,150-500 (vừa),>30
22350,False,236,11,500-5000 (phổ biến),11-30
47570B,False,153,3,500-5000 (phổ biến),2-3
22978,False,154,15,500-5000 (phổ biến),11-30
21064,False,122,8,150-500 (vừa),4-10
48194,False,970,11,>5000,11-30
22522,True,238,31,500-5000 (phổ biến),>30
84406B,True,616,29,>5000,11-30
22629,False,957,44,>5000,>30
22464,False,545,207,>5000,>30
84078A,False,228,2,500-5000 (phổ biến),2-3
21844,False,340,16,500-5000 (phổ biến),11-30
22084,False,565,5,>5000,4-10
21166,False,1005,24,>5000,11-30
22324,False,108,31,150-500 (vừa),>30
22441,False,333,16,500-5000 (phổ biến),11-30
22191,True,448,29,500-5000 (phổ biến),11-30
22077,False,1221,7,>5000,4-10
22960,False,811,36,>5000,>30
22970,False,219,19,500-5000 (phổ biến),11-30
85232A,False,89,20,150-500 (vừa),11-30
20677,True,516,11,>5000,11-30
22966,False,508,67,>5000,>30
22966,True,508,8,>5000,4-10
22504,False,75,38,150-500 (vừa),>30
22800,True,180,14,500-5000 (phổ biến),11-30
21240,True,528,49,>5000,>30
21121,False,606,50,>5000,>30
22939,False,128,11,150-500 (vừa),11-30
22384,True,1504,24,>5000,11-30
85212,False,82,48,150-500 (vừa),>30
22646,False,608,52,>5000,>30
47590A,False,483,7,500-5000 (phổ biến),4-10
22676,True,232,29,500-5000 (phổ biến),11-30
22801,True,205,16,500-5000 (phổ biến),11-30
22285,False,192,61,500-5000 (phổ biến),>30
84879,False,1977,12,>5000,11-30
22244,False,300,15,500-5000 (phổ biến),11-30
21239,False,525,20,>5000,11-30
21826,False,165,29,500-5000 (phổ biến),11-30
22807,False,209,15,500-5000 (phổ biến),11-30
21523,False,777,46,>5000,>30
21749,False,183,5,500-5000 (phổ biến),4-10
84946,True,1220,4,>5000,4-10
21932,True,446,13,500-5000 (phổ biến),11-30
21755,False,1204,33,>5000,>30
84970s,False,62,23,150-500 (vừa),11-30
21718,False,324,6,500-5000 (phổ biến),4-10
22979,False,257,19,500-5000 (phổ biến),11-30
84946,False,1220,10,>5000,4-10
22335,False,362,37,500-5000 (phổ biến),>30
23182,False,299,23,500-5000 (phổ biến),11-30
22419,False,350,40,500-5000 (phổ biến),>30
22860,True,80,22,150-500 (vừa),11-30
22148,False,216,71,500-5000 (phổ biến),>30
47566,False,1824,4,>5000,4-10
21868,False,621,29,>5000,11-30
22964,False,286,29,500-5000 (phổ biến),11-30
22027,False,577,27,>5000,11-30
40016,True,160,2,500-5000 (phổ biến),2-3
48188,True,492,12,500-5000 (phổ biến),11-30
22699,True,970,29,>5000,11-30
21155,False,661,48,>5000,>30
72351A,True,280,8,500-5000 (phổ biến),4-10
22021,False,160,11,500-5000 (phổ biến),11-30
84795B,False,67,15,150-500 (vừa),11-30
20728,True,1444,15,>5000,11-30
22128,True,133,5,150-500 (vừa),4-10
22607,True,519,10,>5000,4-10
22192,True,387,6,500-5000 (phổ biến),4-10
22979,False,257,41,500-5000 (phổ biến),>30
22791,False,312,71,500-5000 (phổ biến),>30
85232A,False,89,60,150-500 (vừa),>30
84755,False,856,19,>5000,11-30
84879,False,1977,4,>5000,4-10
18097C,False,144,7,150-500 (vừa),4-10
82484,False,829,10,>5000,4-10
82583,False,820,119,>5000,>30
22041,False,382,49,500-5000 (phổ biến),>30
22966,False,508,68,>5000,>30
22291,True,190,11,500-5000 (phổ biến),11-30
21389,False,185,27,500-5000 (phổ biến),11-30
23233,False,114,10,150-500 (vừa),4-10
84596L,False,170,89,500-5000 (phổ biến),>30
21533,False,692,221,>5000,>30
22309,False,181,148,500-5000 (phổ biến),>30
21539,False,491,59,500-5000 (phổ biến),>30
20719,True,1102,17,>5000,11-30
22178,False,1269,203,>5000,>30
84978,False,1028,32,>5000,>30
84828,False,228,59,500-5000 (phổ biến),>30
22699,True,970,22,>5000,11-30
22241,False,332,21,500-5000 (phổ biến),11-30
21527,False,591,10,>5000,4-10
22746,True,401,52,500-5000 (phổ biến),>30
84279B,False,156,218,500-5000 (phổ biến),>30
22720,False,995,26,>5000,11-30
20975,False,618,32,>5000,>30
84978,False,1028,19,>5000,11-30
79321,False,793,27,>5000,11-30
23007,True,126,3,150-500 (vừa),2-3
47591D,False,750,29,>5000,11-30
22654,False,415,30,500-5000 (phổ biến),11-30
22089,False,383,13,500-5000 (phổ biến),11-30
72741,False,629,19,>5000,11-30
23010,True,78,4,150-500 (vừa),4-10
22796,False,219,4,500-5000 (phổ biến),4-10
21464,False,155,16,500-5000 (phổ biến),11-30
22386,True,1585,4,>5000,4-10
21363,False,277,9,500-5000 (phổ biến),4-10
22423,True,2730,22,>5000,11-30
21715,False,316,89,500-5000 (phổ biến),>30
72760B,False,349,11,500-5000 (phổ biến),11-30
22625,False,666,38,>5000,>30
85123A,True,3809,32,>5000,>30
22379,True,1108,4,>5000,4-10
21244,True,314,12,500-5000 (phổ biến),11-30
22752,False,464,8,500-5000 (phổ biến),4-10
20972,True,1008,17,>5000,11-30
22439,False,238,22,500-5000 (phổ biến),11-30
22979,False,257,30,500-5000 (phổ biến),11-30
21212,True,2201,15,>5000,11-30
21035,False,656,33,>5000,>30
22568,False,598,33,>5000,>30
22980,True,201,9,500-5000 (phổ biến),4-10
22718,False,172,18,500-5000 (phổ biến),11-30
84946,True,1220,3,>5000,2-3
22930,True,131,3,150-500 (vừa),2-3
21216,False,559,3,>5000,2-3
21504,False,227,26,500-5000 (phổ biến),11-30
22569,True,546,16,>5000,11-30
22465,False,311,17,500-5000 (phổ biến),11-30
22084,False,565,3,>5000,2-3
22353,True,366,3,500-5000 (phổ biến),2-3
82581,True,651,37,>5000,>30
85123A,True,3809,29,>5000,11-30
22701,False,107,7,150-500 (vừa),4-10
22170,False,403,2,500-5000 (phổ biến),2-3
84947,False,471,2,500-5000 (phổ biến),2-3
22475,False,172,28,500-5000 (phổ biến),11-30
22617,True,656,7,>5000,4-10
47367B,False,60,2,60-150 (hiếm),2-3
85175,False,318,49,500-5000 (phổ biến),>30
21216,False,559,35,>5000,>30
20867,False,94,64,150-500 (vừa),>30
22720,False,995,21,>5000,11-30
22173,True,716,22,>5000,11-30
22555,True,662,11,>5000,11-30
22776,False,472,2,500-5000 (phổ biến),2-3
22549,True,491,10,500-5000 (phổ biến),4-10
48194,True,970,19,>5000,11-30
84212,False,188,21,500-5000 (phổ biến),11-30
47590B,False,618,271,>5000,>30
22776,False,472,12,500-5000 (phổ biến),11-30
85099B,True,2782,10,>5000,4-10
22966,False,508,14,>5000,11-30
23194,False,161,31,500-5000 (phổ biến),>30
22698,True,706,11,>5000,11-30
22258,False,90,24,150-500 (vừa),11-30
21977,True,1397,26,>5000,11-30
22207,False,322,4,500-5000 (phổ biến),4-10
21870,False,443,16,500-5000 (phổ biến),11-30
22859,False,113,5,150-500 (vừa),4-10
22968,False,220,8,500-5000 (phổ biến),4-10
22666,True,1168,21,>5000,11-30
23008,False,89,19,150-500 (vừa),11-30
20665,False,247,4,500-5000 (phổ biến),4-10
22915,True,133,4,150-500 (vừa),4-10
22907,False,558,54,>5000,>30
22084,True,565,5,>5000,4-10
22467,False,750,19,>5000,11-30
22423,True,2730,2,>5000,2-3
84946,False,1220,32,>5000,>30
22474,False,181,42,500-5000 (phổ biến),>30
84843,False,71,43,150-500 (vừa),>30
22178,True,1269,9,>5000,4-10
22367,True,802,9,>5000,4-10
23050,True,145,16,150-500 (vừa),11-30
22907,False,558,16,>5000,11-30
21055,True,162,11,500-5000 (phổ biến),11-30
21876,False,428,56,500-5000 (phổ biến),>30
84378,True,868,12,>5000,11-30
22061,False,358,15,500-5000 (phổ biến),11-30
22384,True,1504,56,>5000,>30
20749,False,550,16,>5000,11-30
22178,True,1269,19,>5000,11-30
20969,True,423,11,500-5000 (phổ biến),11-30
22386,True,1585,19,>5000,11-30
85175,False,318,18,500-5000 (phổ biến),11-30
22720,True,995,25,>5000,11-30
22662,True,698,8,>5000,4-10
22646,True,608,51,>5000,>30
84879,True,1977,5,>5000,4-10
22767,False,209,28,500-5000 (phổ biến),11-30
22851,False,374,18,500-5000 (phổ biến),11-30
21507,False,430,12,500-5000 (phổ biến),11-30
84978,False,1028,31,>5000,>30
84997D,True,775,12,>5000,11-30
20829,False,341,9,500-5000 (phổ biến),4-10
84510A,False,323,7,500-5000 (phổ biến),4-10
22178,True,1269,11,>5000,11-30
22268,True,174,16,500-5000 (phổ biến),11-30
22165,False,187,35,500-5000 (phổ biến),>30
22427,False,567,22,>5000,11-30
22084,False,565,17,>5000,11-30
16048,False,69,38,150-500 (vừa),>30
22464,False,545,10,>5000,4-10
22509,False,135,3,150-500 (vừa),2-3
22699,True,970,3,>5000,2-3
22898,False,330,24,500-5000 (phổ biến),11-30
85099C,True,1279,10,>5000,4-10
21930,True,900,14,>5000,11-30
47566b,False,77,34,150-500 (vừa),>30
22993,False,791,27,>5000,11-30
22386,True,1585,20,>5000,11-30
84991,True,1455,9,>5000,4-10
21232,True,1644,28,>5000,11-30
21791,False,914,65,>5000,>30
22668,False,420,9,500-5000 (phổ biến),4-10
21972,False,119,13,150-500 (vừa),11-30
22794,False,145,26,150-500 (vừa),11-30
22900,False,499,8,500-5000 (phổ biến),4-10
47590A,False,483,55,500-5000 (phổ biến),>30
22743,False,248,63,500-5000 (phổ biến),>30
85123A,True,3809,27,>5000,11-30
22085,True,159,4,500-5000 (phổ biến),4-10
21224,False,211,12,500-5000 (phổ biến),11-30
22178,True,1269,8,>5000,4-10
22461,False,110,26,150-500 (vừa),11-30
21864,False,300,16,500-5000 (phổ biến),11-30
22971,True,187,12,500-5000 (phổ biến),11-30
22964,False,286,44,500-5000 (phổ biến),>30
22502,False,662,5,>5000,4-10
85123A,False,3809,21,>5000,11-30
22771,True,345,5,500-5000 (phổ biến),4-10
21080,True,1511,35,>5000,>30
22957,False,152,4,500-5000 (phổ biến),4-10
79190B,False,95,93,150-500 (vừa),>30
22045,False,335,67,500-5000 (phổ biến),>30
22699,True,970,52,>5000,>30
22212,False,585,14,>5000,11-30
23077,False,256,31,500-5000 (phổ biến),>30
22400,True,166,8,500-5000 (phổ biến),4-10
22083,True,990,18,>5000,11-30
21314,True,719,3,>5000,2-3
22859,True,113,6,150-500 (vừa),4-10
22938,False,192,37,500-5000 (phổ biến),>30
84991,False,1455,14,>5000,11-30
22322,False,183,21,500-5000 (phổ biến),11-30
85099B,True,2782,6,>5000,4-10
22437,False,312,4,500-5000 (phổ biến),4-10
22131,False,473,25,500-5000 (phổ biến),11-30
22505,False,529,46,>5000,>30
21936,False,710,3,>5000,2-3
22120,False,265,23,500-5000 (phổ biến),11-30
21907,False,522,9,>5000,4-10
22913,True,84,10,150-500 (vừa),4-10
20801,False,75,20,150-500 (vừa),11-30
85014B,False,620,5,>5000,4-10
21937,False,475,21,500-5000 (phổ biến),11-30
22561,False,642,19,>5000,11-30
21563,False,254,12,500-5000 (phổ biến),11-30
22412,False,288,11,500-5000 (phổ biến),11-30
22957,False,152,65,500-5000 (phổ biến),>30
22467,True,750,8,>5000,4-10
20777,False,113,13,150-500 (vừa),11-30
22759,False,549,49,>5000,>30
85093,False,105,182,150-500 (vừa),>30
23230,False,151,11,500-5000 (phổ biến),11-30
21908,False,661,13,>5000,11-30
21328,False,455,22,500-5000 (phổ biến),11-30
22147,False,795,49,>5000,>30
21509,True,445,23,500-5000 (phổ biến),11-30
23159,False,154,21,500-5000 (phổ biến),11-30
47566,True,1824,3,>5000,2-3
84755,False,856,18,>5000,11-30
22781,False,215,10,500-5000 (phổ biến),4-10
22457,True,1461,27,>5000,11-30
22614,True,260,16,500-5000 (phổ biến),11-30
21232,True,1644,10,>5000,4-10
22993,False,791,17,>5000,11-30
22822,False,124,23,150-500 (vừa),11-30
22711,False,135,23,150-500 (vừa),11-30
23050,False,145,10,150-500 (vừa),4-10
21499,False,347,27,500-5000 (phổ biến),11-30
22550,True,293,5,500-5000 (phổ biến),4-10
22971,False,187,4,500-5000 (phổ biến),4-10
21980,True,463,23,500-5000 (phổ biến),11-30
22224,False,288,3,500-5000 (phổ biến),2-3
22892,False,210,32,500-5000 (phổ biến),>30
47566B,True,534,3,>5000,2-3
21936,False,710,59,>5000,>30
22195,False,564,15,>5000,11-30
85099B,False,2782,14,>5000,11-30
21398,False,92,21,150-500 (vừa),11-30
22115,False,336,13,500-5000 (phổ biến),11-30
22976,False,109,18,150-500 (vừa),11-30
72122,False,86,43,150-500 (vừa),>30
21154,False,619,6,>5000,4-10
84997D,True,775,5,>5000,4-10
21088,False,91,20,150-500 (vừa),11-30
22514,False,161,5,500-5000 (phổ biến),4-10
23076,False,199,8,500-5000 (phổ biến),4-10
22334,False,176,15,500-5000 (phổ biến),11-30
84836,False,1014,32,>5000,>30
22851,False,374,70,500-5000 (phổ biến),>30
85123A,False,3809,8,>5000,4-10
21329,True,374,9,500-5000 (phổ biến),4-10
23052,True,203,4,500-5000 (phổ biến),4-10
20685,True,1213,9,>5000,4-10
22970,False,219,17,500-5000 (phổ biến),11-30
22854,False,156,15,500-5000 (phổ biến),11-30
21398,False,92,23,150-500 (vừa),11-30
22292,False,159,35,500-5000 (phổ biến),>30
21915,False,710,8,>5000,4-10
84987,False,551,30,>5000,11-30
22986,False,145,35,150-500 (vừa),>30
21164,True,504,22,>5000,11-30
22979,True,257,9,500-5000 (phổ biến),4-10
84997B,True,740,2,>5000,2-3
22384,True,1504,18,>5000,11-30
22423,True,2730,8,>5000,4-10
23050,True,145,5,150-500 (vừa),4-10
21889,True,777,21,>5000,11-30
85186C,False,109,23,150-500 (vừa),11-30
22653,True,269,9,500-5000 (phổ biến),4-10
48138,False,1160,2,>5000,2-3
22697,True,917,32,>5000,>30
20752,False,252,59,500-5000 (phổ biến),>30
72741,False,629,4,>5000,4-10
21879,False,108,23,150-500 (vừa),11-30
22457,True,1461,15,>5000,11-30
22138,False,1344,9,>5000,4-10
71459,False,708,8,>5000,4-10
23208,False,450,34,500-5000 (phổ biến),>30
22854,False,156,24,500-5000 (phổ biến),11-30
22319,False,122,25,150-500 (vừa),11-30
22423,False,2730,18,>5000,11-30
21561,False,356,20,500-5000 (phổ biến),11-30
22582,False,210,21,500-5000 (phổ biến),11-30
21520,False,76,46,150-500 (vừa),>30
84946,False,1220,5,>5000,4-10
22961,False,858,300,>5000,>30
22904,False,333,11,500-5000 (phổ biến),11-30
22487,False,636,11,>5000,11-30
22610,False,194,14,500-5000 (phổ biến),11-30
22699,True,970,30,>5000,11-30
20676,True,696,22,>5000,11-30
22983,False,386,169,500-5000 (phổ biến),>30
22960,True,811,21,>5000,11-30
22356,True,1099,20,>5000,11-30
22998,True,359,59,500-5000 (phổ biến),>30
21675,False,179,32,500-5000 (phổ biến),>30
22186,False,238,8,500-5000 (phổ biến),4-10
21174,True,802,6,>5000,4-10
84991,False,1455,172,>5000,>30
85039B,False,186,9,500-5000 (phổ biến),4-10
21977,True,1397,6,>5000,4-10
20972,True,1008,14,>5000,11-30
21187,False,102,23,150-500 (vừa),11-30
21977,True,1397,20,>5000,11-30
22367,False,802,17,>5000,11-30
23127,False,132,69,150-500 (vừa),>30
22028,False,351,14,500-5000 (phổ biến),11-30
21654,False,63,59,150-500 (vừa),>30
84077,False,699,4,>5000,4-10
22699,True,970,35,>5000,>30
22996,False,292,13,500-5000 (phổ biến),11-30
84050,False,507,16,>5000,11-30
21154,False,619,159,>5000,>30
20971,False,808,27,>5000,11-30
21239,True,525,32,>5000,>30
22383,True,1670,17,>5000,11-30
21843,False,1097,41,>5000,>30
22844,False,344,38,500-5000 (phổ biến),>30
82583,True,820,27,>5000,11-30
84970L,True,756,23,>5000,11-30
20978,False,382,23,500-5000 (phổ biến),11-30
22498,True,264,2,500-5000 (phổ biến),2-3
21212,True,2201,34,>5000,>30
21181,False,1269,18,>5000,11-30
21231,True,1038,2,>5000,2-3
84509A,False,279,18,500-5000 (phổ biến),11-30
23177,True,198,10,500-5000 (phổ biến),4-10
22029,True,764,24,>5000,11-30
21897,True,74,3,150-500 (vừa),2-3
47566B,False,534,60,>5000,>30
85099B,True,2782,50,>5000,>30
22621,False,619,17,>5000,11-30
85099B,True,2782,31,>5000,>30
21891,True,583,5,>5000,4-10
23051,False,113,13,150-500 (vừa),11-30
21240,False,528,87,>5000,>30
71459,False,708,12,>5000,11-30
21212,True,2201,8,>5000,4-10
21775,True,189,30,500-5000 (phổ biến),11-30
21932,True,446,32,500-5000 (phổ biến),>30
21908,False,661,85,>5000,>30
22713,True,255,15,500-5000 (phổ biến),11-30
21213,False,1035,5,>5000,4-10
22737,False,341,86,500-5000 (phổ biến),>30
22982,False,138,15,150-500 (vừa),11-30
22131,False,473,4,500-5000 (phổ biến),4-10
82582,False,567,29,>5000,11-30
22171,False,450,14,500-5000 (phổ biến),11-30
22693,False,245,37,500-5000 (phổ biến),>30
21749,False,183,32,500-5000 (phổ biến),>30
22699,False,970,2,>5000,2-3
21469,True,156,11,500-5000 (phổ biến),11-30
21623,False,388,4,500-5000 (phổ biến),4-10
23230,False,151,62,500-5000 (phổ biến),>30
21559,False,846,29,>5000,11-30
22380,False,476,10,500-5000 (phổ biến),4-10
21975,False,933,3,>5000,2-3
21936,False,710,2,>5000,2-3
22969,False,484,7,500-5000 (phổ biến),4-10
23054,True,95,5,150-500 (vừa),4-10
22907,False,558,2,>5000,2-3
21452,False,282,29,500-5000 (phổ biến),11-30
22178,True,1269,30,>5000,11-30
22849,True,102,2,150-500 (vừa),2-3
82482,False,1389,43,>5000,>30
22433,True,275,10,500-5000 (phổ biến),4-10
21703,False,389,8,500-5000 (phổ biến),4-10
82580,False,944,2,>5000,2-3
85099B,True,2782,21,>5000,11-30
22179,True,389,3,500-5000 (phổ biến),2-3
85014B,True,620,4,>5000,4-10
22166,False,105,10,150-500 (vừa),4-10
20977,False,326,16,500-5000 (phổ biến),11-30
22364,True,228,3,500-5000 (phổ biến),2-3
21034,False,1343,17,>5000,11-30
82486,True,903,11,>5000,11-30
22335,False,362,13,500-5000 (phổ biến),11-30
84879,False,1977,6,>5000,4-10
35095B,False,128,21,150-500 (vừa),11-30
21669,True,551,13,>5000,11-30
22727,True,934,7,>5000,4-10
22383,True,1670,14,>5000,11-30
23159,False,154,39,500-5000 (phổ biến),>30
21794,False,115,16,150-500 (vừa),11-30
23152,False,107,13,150-500 (vừa),11-30
84978,True,1028,9,>5000,4-10
85123A,True,3809,13,>5000,11-30
23298,False,797,17,>5000,11-30
22302,False,281,29,500-5000 (phổ biến),11-30
84279B,False,156,17,500-5000 (phổ biến),11-30
85184C,False,238,6,500-5000 (phổ biến),4-10
82582,False,567,182,>5000,>30
46000M,True,229,2,500-5000 (phổ biến),2-3
22637,False,419,3,500-5000 (phổ biến),2-3
84946,True,1220,11,>5000,11-30
22697,True,917,31,>5000,>30
21935,True,648,23,>5000,11-30
23172,True,215,5,500-5000 (phổ biến),4-10
47566,False,1824,7,>5000,4-10
22197,True,1654,42,>5000,>30
22501,False,514,46,>5000,>30
22516,False,109,47,150-500 (vừa),>30
21928,True,1097,64,>5000,>30
22432,False,352,42,500-5000 (phổ biến),>30
82600,False,855,20,>5000,11-30
22150,False,664,17,>5000,11-30
22605,False,439,33,500-5000 (phổ biến),>30
23100,True,170,9,500-5000 (phổ biến),4-10
22794,False,145,43,150-500 (vừa),>30
22423,True,2730,23,>5000,11-30
22273,False,569,9,>5000,4-10
85123A,True,3809,3,>5000,2-3
20975,True,618,4,>5000,4-10
23192,False,254,2,500-5000 (phổ biến),2-3
22900,False,499,53,500-5000 (phổ biến),>30
23209,True,757,7,>5000,4-10
35809A,False,126,11,150-500 (vừa),11-30
23199,True,676,6,>5000,4-10
84596F,True,417,19,500-5000 (phổ biến),11-30
22960,True,811,32,>5000,>30
22037,True,458,22,500-5000 (phổ biến),11-30
21715,True,316,2,500-5000 (phổ biến),2-3
22568,False,598,5,>5000,4-10
23065,False,67,5,150-500 (vừa),4-10
23203,False,867,2,>5000,2-3
72807A,False,147,34,150-500 (vừa),>30
21935,False,648,5,>5000,4-10
82600,False,855,67,>5000,>30
84987,False,551,21,>5000,11-30
20616,False,74,30,150-500 (vừa),11-30
23201,True,617,4,>5000,4-10
22758,False,220,80,500-5000 (phổ biến),>30
22727,True,934,29,>5000,11-30
23204,True,400,26,500-5000 (phổ biến),11-30
22432,True,352,4,500-5000 (phổ biến),4-10
23190,False,139,34,150-500 (vừa),>30
23206,True,707,60,>5000,>30
21232,True,1644,35,>5000,>30
47504H,False,93,13,150-500 (vừa),11-30
20727,False,1638,103,>5000,>30
22539,True,165,25,500-5000 (phổ biến),11-30
23301,True,670,4,>5000,4-10
23175,True,232,4,500-5000 (phổ biến),4-10
23298,True,797,11,>5000,11-30
21430,False,575,37,>5000,>30
22911,False,108,18,150-500 (vừa),11-30
75049L,False,234,34,500-5000 (phổ biến),>30
22652,False,557,35,>5000,>30
21535,False,780,17,>5000,11-30
20685,True,1213,17,>5000,11-30
22699,True,970,26,>5000,11-30
21749,True,183,3,500-5000 (phổ biến),2-3
21240,True,528,25,>5000,11-30
23207,False,516,70,>5000,>30
23084,False,680,44,>5000,>30
85123A,True,3809,6,>5000,4-10
85152,True,1047,4,>5000,4-10
85099B,True,2782,5,>5000,4-10
23201,False,617,17,>5000,11-30
84970S,False,1002,34,>5000,>30
20970,False,399,25,500-5000 (phổ biến),11-30
23207,False,516,29,>5000,11-30
22350,False,236,53,500-5000 (phổ biến),>30
23208,False,450,30,500-5000 (phổ biến),11-30
23191,False,185,51,500-5000 (phổ biến),>30
23108,False,266,21,500-5000 (phổ biến),11-30
85099F,True,1271,29,>5000,11-30
22583,True,245,9,500-5000 (phổ biến),4-10
85132C,True,207,6,500-5000 (phổ biến),4-10
22645,True,498,16,500-5000 (phổ biến),11-30
23199,True,676,24,>5000,11-30
85123A,True,3809,23,>5000,11-30
23163,True,138,7,150-500 (vừa),4-10
22778,False,135,5,150-500 (vừa),4-10
23152,False,107,11,150-500 (vừa),11-30
22402,False,182,23,500-5000 (phổ biến),11-30
15044A,True,175,5,500-5000 (phổ biến),4-10
23152,False,107,46,150-500 (vừa),>30
22469,True,1535,5,>5000,4-10
15036,False,693,13,>5000,11-30
21928,True,1097,53,>5000,>30
22197,True,1654,19,>5000,11-30
22616,False,587,19,>5000,11-30
23065,False,67,18,150-500 (vừa),11-30
85014B,True,620,6,>5000,4-10
22411,True,1534,11,>5000,11-30
22854,False,156,54,500-5000 (phổ biến),>30
22427,False,567,5,>5000,4-10
22855,False,301,19,500-5000 (phổ biến),11-30
37446,True,290,4,500-5000 (phổ biến),4-10
21987,True,274,25,500-5000 (phổ biến),11-30
79030G,False,91,12,150-500 (vừa),11-30
84991,False,1455,24,>5000,11-30
23200,True,411,6,500-5000 (phổ biến),4-10
20971,False,808,26,>5000,11-30
21903,False,282,22,500-5000 (phổ biến),11-30
22697,True,917,6,>5000,4-10
22838,False,187,3,500-5000 (phổ biến),2-3
22908,False,326,17,500-5000 (phổ biến),11-30
21294,False,101,5,150-500 (vừa),4-10
22844,False,344,29,500-5000 (phổ biến),11-30
23118,False,176,52,500-5000 (phổ biến),>30
82482,False,1389,5,>5000,4-10
22326,True,949,18,>5000,11-30
22854,False,156,7,500-5000 (phổ biến),4-10
21231,False,1038,40,>5000,>30
21754,False,1456,23,>5000,11-30
22507,False,629,40,>5000,>30
22620,True,572,4,>5000,4-10
22333,True,475,14,500-5000 (phổ biến),11-30
23204,False,400,28,500-5000 (phổ biến),11-30
22728,False,681,23,>5000,11-30
23171,True,264,11,500-5000 (phổ biến),11-30
22385,False,876,18,>5000,11-30
23298,False,797,21,>5000,11-30
21469,False,156,29,500-5000 (phổ biến),11-30
22077,False,1221,37,>5000,>30
22027,False,577,10,>5000,4-10
20750,False,632,20,>5000,11-30
23084,False,680,29,>5000,11-30
23190,False,139,14,150-500 (vừa),11-30
84755,False,856,19,>5000,11-30
22630,True,920,24,>5000,11-30
85175,False,318,25,500-5000 (phổ biến),11-30
21035,False,656,22,>5000,11-30
23168,False,239,25,500-5000 (phổ biến),11-30
22487,False,636,4,>5000,4-10
22999,False,154,39,500-5000 (phổ biến),>30
23202,True,604,5,>5000,4-10
22620,False,572,17,>5000,11-30
22432,True,352,13,500-5000 (phổ biến),11-30
85099C,True,1279,3,>5000,2-3
22972,False,172,27,500-5000 (phổ biến),11-30
23228,False,92,2,150-500 (vừa),2-3
23199,True,676,6,>5000,4-10
21829,False,264,38,500-5000 (phổ biến),>30
82484,False,829,14,>5000,11-30
22367,False,802,40,>5000,>30
23118,False,176,55,500-5000 (phổ biến),>30
23192,False,254,7,500-5000 (phổ biến),4-10
22928,True,85,4,150-500 (vừa),4-10
22413,True,617,9,>5000,4-10
23174,True,236,17,500-5000 (phổ biến),11-30
21915,True,710,3,>5000,2-3
23161,True,71,3,150-500 (vừa),2-3
22383,True,1670,64,>5000,>30
20717,False,525,115,>5000,>30
23112,False,173,24,500-5000 (phổ biến),11-30
82484,False,829,7,>5000,4-10
22333,True,475,25,500-5000 (phổ biến),11-30
23302,False,159,160,500-5000 (phổ biến),>30
21742,False,127,27,150-500 (vừa),11-30
15056BL,True,580,20,>5000,11-30
22149,False,965,49,>5000,>30
21668,True,573,12,>5000,11-30
84836,False,1014,9,>5000,4-10
21034,False,1343,23,>5000,11-30
22469,False,1535,2,>5000,2-3
22755,False,347,23,500-5000 (phổ biến),11-30
85054,False,137,3,150-500 (vừa),2-3
22469,True,1535,25,>5000,11-30
23309,False,297,8,500-5000 (phổ biến),4-10
23171,True,264,47,500-5000 (phổ biến),>30
22519,False,196,21,500-5000 (phổ biến),11-30
22983,False,386,8,500-5000 (phổ biến),4-10
23298,False,797,14,>5000,11-30
22728,True,681,9,>5000,4-10
21544,False,337,11,500-5000 (phổ biến),11-30
22477,False,187,29,500-5000 (phổ biến),11-30
21137,True,457,5,500-5000 (phổ biến),4-10
22411,True,1534,12,>5000,11-30
21907,False,522,25,>5000,11-30
21356,False,242,29,500-5000 (phổ biến),11-30
23156,False,143,17,150-500 (vừa),11-30
22327,False,447,73,500-5000 (phổ biến),>30
22386,True,1585,4,>5000,4-10
21671,True,510,3,>5000,2-3
22832,False,67,17,150-500 (vừa),11-30
22841,False,215,28,500-5000 (phổ biến),11-30
22429,True,435,15,500-5000 (phổ biến),11-30
23227,False,87,5,150-500 (vừa),4-10
20725,True,2130,16,>5000,11-30
10133,False,190,13,500-5000 (phổ biến),11-30
84836,True,1014,5,>5000,4-10
22432,False,352,14,500-5000 (phổ biến),11-30
22460,False,261,34,500-5000 (phổ biến),>30
22529,False,107,116,150-500 (vừa),>30
21533,False,692,8,>5000,4-10
23083,False,170,57,500-5000 (phổ biến),>30
22697,False,917,3,>5000,2-3
20886,False,213,21,500-5000 (phổ biến),11-30
21471,False,241,54,500-5000 (phổ biến),>30
23126,False,205,24,500-5000 (phổ biến),11-30
35809A,False,126,57,150-500 (vừa),>30
79000,False,296,5,500-5000 (phổ biến),4-10
85099F,False,1271,22,>5000,11-30
22276,False,266,9,500-5000 (phổ biến),4-10
22781,True,215,2,500-5000 (phổ biến),2-3
22625,False,666,24,>5000,11-30
21671,False,510,16,>5000,11-30
84970S,True,1002,9,>5000,4-10
84945,False,470,5,500-5000 (phổ biến),4-10
21891,False,583,55,>5000,>30
23209,False,757,22,>5000,11-30
21790,False,1307,17,>5000,11-30
22066,False,195,11,500-5000 (phổ biến),11-30
22904,False,333,20,500-5000 (phổ biến),11-30
23307,True,447,2,500-5000 (phổ biến),2-3
21975,True,933,10,>5000,4-10
23236,True,220,3,500-5000 (phổ biến),2-3
85099F,True,1271,12,>5000,11-30
21533,False,692,14,>5000,11-30
22059,False,314,20,500-5000 (phổ biến),11-30
21212,True,2201,4,>5000,4-10
22778,False,135,3,150-500 (vừa),2-3
22492,False,512,19,>5000,11-30
21395,False,75,55,150-500 (vừa),>30
22356,True,1099,8,>5000,4-10
22077,False,1221,9,>5000,4-10
23203,False,867,20,>5000,11-30
22171,False,450,12,500-5000 (phổ biến),11-30
23301,True,670,44,>5000,>30
84029G,False,691,38,>5000,>30
85099B,True,2782,25,>5000,11-30
22662,False,698,35,>5000,>30
84970L,False,756,24,>5000,11-30
71459,False,708,19,>5000,11-30
22273,True,569,20,>5000,11-30
22197,False,1654,8,>5000,4-10
22763,False,87,11,150-500 (vừa),11-30
22606,True,276,2,500-5000 (phổ biến),2-3
22456,False,610,2,>5000,2-3
23281,False,67,60,150-500 (vừa),>30
20711,True,749,30,>5000,11-30
84581,False,156,9,500-5000 (phổ biến),4-10
23201,False,617,4,>5000,4-10
21155,False,661,12,>5000,11-30
21754,False,1456,24,>5000,11-30
22041,True,382,3,500-5000 (phổ biến),2-3
84569A,False,77,8,150-500 (vừa),4-10
23243,False,327,25,500-5000 (phổ biến),11-30
23173,True,292,4,500-5000 (phổ biến),4-10
85132B,False,91,52,150-500 (vừa),>30
23252,False,92,13,150-500 (vừa),11-30
22423,False,2730,26,>5000,11-30
23014,True,141,3,150-500 (vừa),2-3
23165,False,192,16,500-5000 (phổ biến),11-30
21524,False,800,10,>5000,4-10
21716,True,332,13,500-5000 (phổ biến),11-30
22432,False,352,17,500-5000 (phổ biến),11-30
79066K,False,163,24,500-5000 (phổ biến),11-30
21586,False,165,7,500-5000 (phổ biến),4-10
21914,False,658,8,>5000,4-10
22354,False,202,15,500-5000 (phổ biến),11-30
23206,False,707,18,>5000,11-30
23084,False,680,2,>5000,2-3
85099B,True,2782,9,>5000,4-10
16156S,False,311,41,500-5000 (phổ biến),>30
21937,False,475,18,500-5000 (phổ biến),11-30
82001S,True,166,3,500-5000 (phổ biến),2-3
23238,False,183,14,500-5000 (phổ biến),11-30
21990,True,329,29,500-5000 (phổ biến),11-30
22411,False,1534,26,>5000,11-30
22139,False,1435,26,>5000,11-30
22705,True,97,5,150-500 (vừa),4-10
22652,False,557,14,>5000,11-30
22720,True,995,2,>5000,2-3
23244,True,70,8,150-500 (vừa),4-10
72802B,False,153,18,500-5000 (phổ biến),11-30
22668,True,420,3,500-5000 (phổ biến),2-3
22379,False,1108,7,>5000,4-10
23209,False,757,4,>5000,4-10
21287,False,64,19,150-500 (vừa),11-30
22898,True,330,7,500-5000 (phổ biến),4-10
22900,True,499,4,500-5000 (phổ biến),4-10
82494L,True,1357,19,>5000,11-30
20966,False,279,58,500-5000 (phổ biến),>30
21124,True,446,11,500-5000 (phổ biến),11-30
22847,False,331,3,500-5000 (phổ biến),2-3
21063,True,155,15,500-5000 (phổ biến),11-30
21707,False,115,2,150-500 (vừa),2-3
22161,False,336,13,500-5000 (phổ biến),11-30
23238,False,183,45,500-5000 (phổ biến),>30
23252,False,92,8,150-500 (vừa),4-10
23309,True,297,29,500-5000 (phổ biến),11-30
22333,True,475,8,500-5000 (phổ biến),4-10
23238,False,183,11,500-5000 (phổ biến),11-30
22804,True,473,3,500-5000 (phổ biến),2-3
48185,False,690,25,>5000,11-30
22457,True,1461,12,>5000,11-30
22029,True,764,17,>5000,11-30
23110,False,169,23,500-5000 (phổ biến),11-30
82494L,True,1357,32,>5000,>30
22686,False,164,51,500-5000 (phổ biến),>30
85099B,True,2782,6,>5000,4-10
23084,True,680,2,>5000,2-3
20846,False,123,3,150-500 (vừa),2-3
15056N,False,720,30,>5000,11-30
22139,False,1435,5,>5000,4-10
22775,False,197,90,500-5000 (phổ biến),>30
20724,True,1419,31,>5000,>30
22150,True,664,41,>5000,>30
22908,False,326,38,500-5000 (phổ biến),>30
20717,False,525,66,>5000,>30
21447,False,234,13,500-5000 (phổ biến),11-30
21977,False,1397,7,>5000,4-10
23206,False,707,29,>5000,11-30
82486,False,903,40,>5000,>30
22908,False,326,19,500-5000 (phổ biến),11-30
22244,False,300,22,500-5000 (phổ biến),11-30
22629,True,957,21,>5000,11-30
21621,False,926,21,>5000,11-30
22613,False,196,43,500-5000 (phổ biến),>30
21754,False,1456,20,>5000,11-30
23110,False,169,13,500-5000 (phổ biến),11-30
21257,False,371,18,500-5000 (phổ biến),11-30
47590B,True,618,8,>5000,4-10
22801,False,205,2,500-5000 (phổ biến),2-3
22845,False,273,63,500-5000 (phổ biến),>30
84077,False,699,24,>5000,11-30
84078A,False,228,49,500-5000 (phổ biến),>30
82484,False,829,15,>5000,11-30
22659,False,760,13,>5000,11-30
21509,False,445,16,500-5000 (phổ biến),11-30
23237,False,120,5,150-500 (vừa),4-10
23083,False,170,26,500-5000 (phổ biến),11-30
82578,True,495,48,500-5000 (phổ biến),>30
21955,True,527,6,>5000,4-10
21773,False,212,12,500-5000 (phổ biến),11-30
48188,False,492,38,500-5000 (phổ biến),>30
23091,False,134,13,150-500 (vừa),11-30
21211,False,165,4,500-5000 (phổ biến),4-10
22171,True,450,6,500-5000 (phổ biến),4-10
23240,True,364,12,500-5000 (phổ biến),11-30
84879,False,1977,45,>5000,>30
22386,True,1585,2,>5000,2-3
23209,False,757,51,>5000,>30
22072,False,342,12,500-5000 (phổ biến),11-30
21386,False,79,9,150-500 (vừa),4-10
48185,False,690,9,>5000,4-10
22979,True,257,5,500-5000 (phổ biến),4-10
22854,False,156,2,500-5000 (phổ biến),2-3
21746,False,352,7,500-5000 (phổ biến),4-10
22993,True,791,75,>5000,>30
21673,True,519,42,>5000,>30
22631,False,452,38,500-5000 (phổ biến),>30
22030,False,475,13,500-5000 (phổ biến),11-30
23287,True,132,5,150-500 (vừa),4-10
22913,False,84,52,150-500 (vừa),>30
47566,True,1824,3,>5000,2-3
21901,True,481,46,500-5000 (phổ biến),>30
16168M,False,64,703,150-500 (vừa),>30
23275,False,232,7,500-5000 (phổ biến),4-10
84380,True,776,7,>5000,4-10
20725,True,2130,9,>5000,4-10
23283,False,167,2,500-5000 (phổ biến),2-3
23168,False,239,22,500-5000 (phổ biến),11-30
21931,True,1611,8,>5000,4-10
21580,True,104,11,150-500 (vừa),11-30
22403,True,140,5,150-500 (vừa),4-10
23119,True,106,15,150-500 (vừa),11-30
21688,False,96,16,150-500 (vừa),11-30
21524,False,800,13,>5000,11-30
23203,True,867,15,>5000,11-30
15056BL,False,580,45,>5000,>30
23119,False,106,9,150-500 (vừa),4-10
21209,False,85,28,150-500 (vừa),11-30
85099B,True,2782,18,>5000,11-30
23206,True,707,47,>5000,>30
21326,False,426,12,500-5000 (phổ biến),11-30
22293,False,160,50,500-5000 (phổ biến),>30
37340,False,149,309,150-500 (vừa),>30
48188,True,492,6,500-5000 (phổ biến),4-10
22469,False,1535,43,>5000,>30
22383,True,1670,34,>5000,>30
22507,False,629,21,>5000,11-30
22326,True,949,60,>5000,>30
23031,True,110,4,150-500 (vừa),4-10
23197,False,166,5,500-5000 (phổ biến),4-10
84879,False,1977,5,>5000,4-10
22173,False,716,6,>5000,4-10
20724,True,1419,22,>5000,11-30
22504,False,75,32,150-500 (vừa),>30
21673,False,519,78,>5000,>30
23284,False,520,2,>5000,2-3
22744,False,199,14,500-5000 (phổ biến),11-30
71038,False,96,42,150-500 (vừa),>30
22745,True,498,40,500-5000 (phổ biến),>30
22727,True,934,9,>5000,4-10
22423,False,2730,4,>5000,4-10
23287,True,132,43,150-500 (vừa),>30
21929,True,1115,18,>5000,11-30
23284,False,520,14,>5000,11-30
21199,False,102,319,150-500 (vừa),>30
22090,True,1202,6,>5000,4-10
21034,False,1343,26,>5000,11-30
22420,False,160,2,500-5000 (phổ biến),2-3
21402,True,112,2,150-500 (vừa),2-3
23120,False,65,343,150-500 (vừa),>30
23298,False,797,13,>5000,11-30
20728,True,1444,13,>5000,11-30
22352,False,787,35,>5000,>30
22752,False,464,16,500-5000 (phổ biến),11-30
21463,True,216,3,500-5000 (phổ biến),2-3
22610,False,194,9,500-5000 (phổ biến),4-10
22193,False,449,13,500-5000 (phổ biến),11-30
21742,False,127,17,150-500 (vừa),11-30
22784,False,254,37,500-5000 (phổ biến),>30
22989,False,253,40,500-5000 (phổ biến),>30
21770,False,457,20,500-5000 (phổ biến),11-30
21990,True,329,78,500-5000 (phổ biến),>30
23322,False,395,28,500-5000 (phổ biến),11-30
20985,False,193,3,500-5000 (phổ biến),2-3
23228,False,92,40,150-500 (vừa),>30
48116,False,350,19,500-5000 (phổ biến),11-30
22361,False,334,10,500-5000 (phổ biến),4-10
23202,False,604,15,>5000,11-30
23297,True,109,5,150-500 (vừa),4-10
23207,False,516,18,>5000,11-30
22624,False,823,27,>5000,11-30
85152,False,1047,56,>5000,>30
23296,True,258,3,500-5000 (phổ biến),2-3
23309,True,297,9,500-5000 (phổ biến),4-10
21787,False,337,46,500-5000 (phổ biến),>30
82482,True,1389,30,>5000,11-30
21107,False,216,9,500-5000 (phổ biến),4-10
21417,False,92,4,150-500 (vừa),4-10
23000,False,187,25,500-5000 (phổ biến),11-30
23306,True,193,11,500-5000 (phổ biến),11-30
22766,True,453,5,500-5000 (phổ biến),4-10
23203,False,867,3,>5000,2-3
23175,True,232,3,500-5000 (phổ biến),2-3
21238,True,630,6,>5000,4-10
22993,True,791,24,>5000,11-30
20728,True,1444,19,>5000,11-30
23301,False,670,40,>5000,>30
21165,True,686,72,>5000,>30
21174,True,802,10,>5000,4-10
21136,False,519,14,>5000,11-30
21746,True,352,13,500-5000 (phổ biến),11-30
23200,True,411,51,500-5000 (phổ biến),>30
23109,False,192,2,500-5000 (phổ biến),2-3
22421,False,280,3,500-5000 (phổ biến),2-3
22171,False,450,10,500-5000 (phổ biến),4-10
22726,True,879,4,>5000,4-10
22543,False,85,153,150-500 (vừa),>30
23207,False,516,18,>5000,11-30
21932,False,446,8,500-5000 (phổ biến),4-10
23031,True,110,18,150-500 (vừa),11-30
15056N,False,720,2,>5000,2-3
22791,False,312,48,500-5000 (phổ biến),>30
21770,False,457,22,500-5000 (phổ biến),11-30
23014,False,141,70,150-500 (vừa),>30
22597,True,208,17,500-5000 (phổ biến),11-30
21739,False,118,4,150-500 (vừa),4-10
22606,False,276,6,500-5000 (phổ biến),4-10
21464,False,155,4,500-5000 (phổ biến),4-10
22501,False,514,22,>5000,11-30
22428,False,131,27,150-500 (vừa),11-30
22763,False,87,31,150-500 (vừa),>30
84997C,True,669,13,>5000,11-30
23103,False,250,92,500-5000 (phổ biến),>30
23295,True,299,9,500-5000 (phổ biến),4-10
22652,False,557,21,>5000,11-30
23191,False,185,14,500-5000 (phổ biến),11-30
23078,False,183,7,500-5000 (phổ biến),4-10
22961,False,858,64,>5000,>30
84755,False,856,4,>5000,4-10
23307,True,447,30,500-5000 (phổ biến),11-30
21154,True,619,4,>5000,4-10
21625,False,235,23,500-5000 (phổ biến),11-30
22062,False,84,28,150-500 (vừa),11-30
22980,False,201,76,500-5000 (phổ biến),>30
22457,False,1461,5,>5000,4-10
79321,False,793,3,>5000,2-3
23284,False,520,9,>5000,4-10
21058,False,185,88,500-5000 (phổ biến),>30
22382,True,1508,19,>5000,11-30
22191,False,448,27,500-5000 (phổ biến),11-30
22457,False,1461,7,>5000,4-10
22993,False,791,70,>5000,>30
22993,False,791,50,>5000,>30
22090,False,1202,28,>5000,11-30
21523,False,777,8,>5000,4-10
85099B,True,2782,11,>5000,11-30
22691,False,161,12,500-5000 (phổ biến),11-30
22430,False,264,21,500-5000 (phổ biến),11-30
82482,True,1389,8,>5000,4-10
20832,False,108,13,150-500 (vừa),11-30
23295,True,299,41,500-5000 (phổ biến),>30
22717,False,144,2,150-500 (vừa),2-3
21394,False,107,5,150-500 (vừa),4-10
22649,False,335,32,500-5000 (phổ biến),>30
22424,False,499,15,500-5000 (phổ biến),11-30
22962,True,245,14,500-5000 (phổ biến),11-30
21559,True,846,39,>5000,>30
22091,False,225,46,500-5000 (phổ biến),>30
20725,True,2130,12,>5000,11-30
23241,False,268,68,500-5000 (phổ biến),>30
23286,True,149,5,150-500 (vừa),4-10
22962,False,245,17,500-5000 (phổ biến),11-30
85066,False,617,6,>5000,4-10
21407,False,332,24,500-5000 (phổ biến),11-30
22714,False,238,16,500-5000 (phổ biến),11-30
85099B,True,2782,16,>5000,11-30
47566B,False,534,5,>5000,4-10
21671,True,510,8,>5000,4-10
22551,True,893,11,>5000,11-30
22969,False,484,5,500-5000 (phổ biến),4-10
22752,False,464,5,500-5000 (phổ biến),4-10
22749,False,467,11,500-5000 (phổ biến),11-30
47563A,False,106,16,150-500 (vừa),11-30
23235,True,70,2,150-500 (vừa),2-3
22489,False,555,27,>5000,11-30
22829,False,81,163,150-500 (vừa),>30
22227,False,456,207,500-5000 (phổ biến),>30
21829,False,264,15,500-5000 (phổ biến),11-30
84347,False,522,7,>5000,4-10
21033,False,390,26,500-5000 (phổ biến),11-30
20685,True,1213,22,>5000,11-30
22753,True,278,12,500-5000 (phổ biến),11-30
20717,False,525,32,>5000,>30
22677,False,218,57,500-5000 (phổ biến),>30
23344,False,505,62,>5000,>30
21670,False,531,189,>5000,>30
48194,True,970,4,>5000,4-10
84991,True,1455,9,>5000,4-10
21210,False,792,6,>5000,4-10
23198,False,339,89,500-5000 (phổ biến),>30
22371,False,461,46,500-5000 (phổ biến),>30
21382,False,107,33,150-500 (vừa),>30
22189,True,928,7,>5000,4-10
85123A,True,3809,6,>5000,4-10
22693,False,245,10,500-5000 (phổ biến),4-10
22907,False,558,6,>5000,4-10
21137,False,457,7,500-5000 (phổ biến),4-10
21892,True,584,14,>5000,11-30
85099B,True,2782,8,>5000,4-10
20724,True,1419,18,>5000,11-30
85014B,True,620,3,>5000,2-3
23251,False,81,20,150-500 (vừa),11-30
21086,False,609,167,>5000,>30
10133,False,190,17,500-5000 (phổ biến),11-30
20914,False,1415,2,>5000,2-3
22940,False,403,37,500-5000 (phổ biến),>30
23297,False,109,23,150-500 (vừa),11-30
23232,False,168,21,500-5000 (phổ biến),11-30
23148,False,170,14,500-5000 (phổ biến),11-30
21918,True,555,5,>5000,4-10
22492,False,512,11,>5000,11-30
84923,True,100,188,150-500 (vừa),>30
85099B,True,2782,7,>5000,4-10
22413,False,617,24,>5000,11-30
22384,False,1504,219,>5000,>30
20903,False,63,19,150-500 (vừa),11-30
21714,False,363,84,500-5000 (phổ biến),>30
21221,False,74,43,150-500 (vừa),>30
21034,False,1343,14,>5000,11-30
22983,True,386,12,500-5000 (phổ biến),11-30
22178,False,1269,25,>5000,11-30
23294,False,241,20,500-5000 (phổ biến),11-30
21684,False,65,3,150-500 (vừa),2-3
22766,False,453,6,500-5000 (phổ biến),4-10
82486,False,903,18,>5000,11-30
23191,False,185,14,500-5000 (phổ biến),11-30
21033,False,390,27,500-5000 (phổ biến),11-30
22767,False,209,18,500-5000 (phổ biến),11-30
22430,False,264,18,500-5000 (phổ biến),11-30
22558,False,844,20,>5000,11-30
82483,False,801,16,>5000,11-30
21877,False,534,46,>5000,>30
47566,True,1824,2,>5000,2-3
84978,False,1028,36,>5000,>30
21479,False,655,22,>5000,11-30
23144,True,189,4,500-5000 (phổ biến),4-10
22849,True,102,6,150-500 (vừa),4-10
85066,False,617,30,>5000,11-30
22427,False,567,10,>5000,4-10
22961,False,858,12,>5000,11-30
22997,False,166,2,500-5000 (phổ biến),2-3
22986,False,145,14,150-500 (vừa),11-30
23263,False,328,13,500-5000 (phổ biến),11-30
22027,True,577,13,>5000,11-30
22055,True,503,15,>5000,11-30
22121,True,308,6,500-5000 (phổ biến),4-10
21891,True,583,2,>5000,2-3
23309,False,297,75,500-5000 (phổ biến),>30
84997C,False,669,86,>5000,>30
22187,False,255,19,500-5000 (phổ biến),11-30
22896,False,256,44,500-5000 (phổ biến),>30
22804,True,473,6,500-5000 (phổ biến),4-10
22675,False,200,88,500-5000 (phổ biến),>30
22384,True,1504,7,>5000,4-10
21218,False,625,19,>5000,11-30
22193,True,449,5,500-5000 (phổ biến),4-10
20723,False,950,204,>5000,>30
23238,False,183,31,500-5000 (phổ biến),>30
23128,False,97,17,150-500 (vừa),11-30
23167,True,161,5,500-5000 (phổ biến),4-10
20686,False,124,36,150-500 (vừa),>30
85099B,True,2782,23,>5000,11-30
23322,True,395,25,500-5000 (phổ biến),11-30
22667,False,585,21,>5000,11-30
22838,False,187,24,500-5000 (phổ biến),11-30
23270,False,92,119,150-500 (vừa),>30
20728,True,1444,22,>5000,11-30
22507,False,629,3,>5000,2-3
85170D,False,100,18,150-500 (vừa),11-30
22676,True,232,11,500-5000 (phổ biến),11-30
23315,False,65,14,150-500 (vừa),11-30
22673,False,134,23,150-500 (vừa),11-30
22144,True,496,16,500-5000 (phổ biến),11-30
23321,False,439,4,500-5000 (phổ biến),4-10
75049L,False,234,7,500-5000 (phổ biến),4-10
85066,True,617,2,>5000,2-3
21683,False,97,60,150-500 (vừa),>30
23077,False,256,13,500-5000 (phổ biến),11-30
85099B,True,2782,14,>5000,11-30
23207,True,516,41,>5000,>30
48187,True,893,16,>5000,11-30
22895,False,294,11,500-5000 (phổ biến),11-30
23182,False,299,30,500-5000 (phổ biến),11-30
48187,True,893,14,>5000,11-30
23199,True,676,6,>5000,4-10
23202,True,604,7,>5000,4-10
72598,False,111,15,150-500 (vừa),11-30
21259,False,472,37,500-5000 (phổ biến),>30
22732,True,215,16,500-5000 (phổ biến),11-30
22557,False,766,36,>5000,>30
23310,False,173,14,500-5000 (phổ biến),11-30
22943,False,244,27,500-5000 (phổ biến),11-30
21931,True,1611,17,>5000,11-30
22457,True,1461,4,>5000,4-10
84997C,True,669,6,>5000,4-10
22115,False,336,29,500-5000 (phổ biến),11-30
22960,True,811,13,>5000,11-30
22149,False,965,14,>5000,11-30
22950,False,234,15,500-5000 (phổ biến),11-30
23245,True,593,17,>5000,11-30
84946,True,1220,9,>5000,4-10
21935,True,648,35,>5000,>30
22978,True,154,18,500-5000 (phổ biến),11-30
22951,False,440,171,500-5000 (phổ biến),>30
22630,True,920,97,>5000,>30
21975,True,933,5,>5000,4-10
21313,False,301,86,500-5000 (phổ biến),>30
23350,False,214,19,500-5000 (phổ biến),11-30
21749,False,183,11,500-5000 (phổ biến),11-30
23350,False,214,20,500-5000 (phổ biến),11-30
21668,True,573,7,>5000,4-10
22558,False,844,30,>5000,11-30
22356,True,1099,13,>5000,11-30
22580,False,348,16,500-5000 (phổ biến),11-30
23322,False,395,17,500-5000 (phổ biến),11-30
21232,True,1644,28,>5000,11-30
22698,True,706,3,>5000,2-3
21485,True,959,19,>5000,11-30
22379,True,1108,27,>5000,11-30
20719,True,1102,34,>5000,>30
23013,True,149,3,150-500 (vừa),2-3
22791,True,312,5,500-5000 (phổ biến),4-10
23167,True,161,7,500-5000 (phổ biến),4-10
23076,False,199,49,500-5000 (phổ biến),>30
23332,False,194,19,500-5000 (phổ biến),11-30
23209,True,757,10,>5000,4-10
21213,False,1035,3,>5000,2-3
21625,False,235,19,500-5000 (phổ biến),11-30
20668,False,255,7,500-5000 (phổ biến),4-10
22654,False,415,54,500-5000 (phổ biến),>30
21164,False,504,71,>5000,>30
23199,True,676,41,>5000,>30
23297,True,109,4,150-500 (vừa),4-10
22554,True,869,31,>5000,>30
85099B,True,2782,19,>5000,11-30
23274,False,77,22,150-500 (vừa),11-30
23292,True,157,19,500-5000 (phổ biến),11-30
20676,True,696,18,>5000,11-30
22768,False,248,29,500-5000 (phổ biến),11-30
22139,False,1435,2,>5000,2-3
22771,True,345,6,500-5000 (phổ biến),4-10
22625,True,666,3,>5000,2-3
21982,True,527,16,>5000,11-30
85014B,False,620,38,>5000,>30
22646,False,608,81,>5000,>30
23266,False,242,15,500-5000 (phổ biến),11-30
23166,False,178,42,500-5000 (phổ biến),>30
20752,False,252,18,500-5000 (phổ biến),11-30
85099F,True,1271,6,>5000,4-10
23318,False,261,19,500-5000 (phổ biến),11-30
84692,True,765,4,>5000,4-10
20719,True,1102,18,>5000,11-30
47590B,False,618,25,>5000,11-30
23321,False,439,71,500-5000 (phổ biến),>30
23287,False,132,86,150-500 (vừa),>30
20984,False,155,8,500-5000 (phổ biến),4-10
21380,False,464,8,500-5000 (phổ biến),4-10
22411,True,1534,39,>5000,>30
23203,True,867,10,>5000,4-10
23252,False,92,29,150-500 (vừa),11-30
47566,True,1824,4,>5000,4-10
21791,False,914,23,>5000,11-30
22427,False,567,2,>5000,2-3
22029,False,764,41,>5000,>30
23230,False,151,17,500-5000 (phổ biến),11-30
22435,False,390,47,500-5000 (phổ biến),>30
23318,True,261,9,500-5000 (phổ biến),4-10
22951,False,440,47,500-5000 (phổ biến),>30
84832,False,447,14,500-5000 (phổ biến),11-30
22553,False,752,66,>5000,>30
22628,False,244,65,500-5000 (phổ biến),>30
21929,False,1115,88,>5000,>30
21992,True,458,117,500-5000 (phổ biến),>30
20754,False,576,11,>5000,11-30
22114,False,1099,9,>5000,4-10
23356,True,316,3,500-5000 (phổ biến),2-3
21326,False,426,32,500-5000 (phổ biến),>30
22895,False,294,13,500-5000 (phổ biến),11-30
20970,True,399,31,500-5000 (phổ biến),>30
21209,False,85,16,150-500 (vừa),11-30
23301,True,670,8,>5000,4-10
22703,False,107,216,150-500 (vừa),>30
21636,False,75,13,150-500 (vừa),11-30
21648,False,166,194,500-5000 (phổ biến),>30
82551,True,510,8,>5000,4-10
21731,True,1077,11,>5000,11-30
23108,False,266,16,500-5000 (phổ biến),11-30
21933,False,434,23,500-5000 (phổ biến),11-30
85123A,True,3809,10,>5000,4-10
23034,False,60,16,60-150 (hiếm),11-30
85048,False,358,27,500-5000 (phổ biến),11-30
47566,True,1824,69,>5000,>30
47566,False,1824,7,>5000,4-10
22766,False,453,87,500-5000 (phổ biến),>30
22720,True,995,47,>5000,>30
21912,False,578,7,>5000,4-10
48187,False,893,8,>5000,4-10
20979,False,495,2,500-5000 (phổ biến),2-3
22930,False,131,2,150-500 (vừa),2-3
22995,True,187,18,500-5000 (phổ biến),11-30
23341,False,90,198,150-500 (vừa),>30
23238,False,183,29,500-5000 (phổ biến),11-30
20979,False,495,21,500-5000 (phổ biến),11-30
82484,False,829,25,>5000,11-30
82482,True,1389,5,>5000,4-10
23177,True,198,2,500-5000 (phổ biến),2-3
22853,False,97,34,150-500 (vừa),>30
11001,False,165,8,500-5000 (phổ biến),4-10
23130,False,125,6,150-500 (vừa),4-10
22191,False,448,16,500-5000 (phổ biến),11-30
84991,False,1455,88,>5000,>30
84992,False,1023,29,>5000,11-30
21617,False,117,15,150-500 (vừa),11-30
20725,True,2130,35,>5000,>30
23293,True,369,9,500-5000 (phổ biến),4-10
23438,False,79,29,150-500 (vừa),11-30
23122,True,87,10,150-500 (vừa),4-10
23129,False,124,13,150-500 (vừa),11-30
21162,True,199,13,500-5000 (phổ biến),11-30
22139,False,1435,38,>5000,>30
21891,False,583,26,>5000,11-30
23247,False,215,46,500-5000 (phổ biến),>30
85150,True,784,2,>5000,2-3
21232,False,1644,4,>5000,4-10
23404,False,118,20,150-500 (vừa),11-30
22925,False,132,7,150-500 (vừa),4-10
22959,False,195,19,500-5000 (phổ biến),11-30
21181,True,1269,2,>5000,2-3
23236,False,220,25,500-5000 (phổ biến),11-30
20839,False,75,11,150-500 (vừa),11-30
23297,False,109,29,150-500 (vừa),11-30
23196,False,200,19,500-5000 (phổ biến),11-30
47566b,False,77,179,150-500 (vừa),>30
85199S,False,335,31,500-5000 (phổ biến),>30
21326,False,426,2,500-5000 (phổ biến),2-3
22110,True,337,15,500-5000 (phổ biến),11-30
85049E,False,566,16,>5000,11-30
21498,False,562,21,>5000,11-30
22763,False,87,12,150-500 (vừa),11-30
21166,False,1005,21,>5000,11-30
22385,True,876,42,>5000,>30
22557,False,766,25,>5000,11-30
22470,True,1390,5,>5000,4-10
22727,True,934,32,>5000,>30
84879,True,1977,8,>5000,4-10
21407,False,332,22,500-5000 (phổ biến),11-30
21669,True,551,16,>5000,11-30
82583,True,820,7,>5000,4-10
35004B,False,188,26,500-5000 (phổ biến),11-30
22994,True,139,35,150-500 (vừa),>30
22805,False,162,66,500-5000 (phổ biến),>30
22380,False,476,26,500-5000 (phổ biến),11-30
23332,True,194,9,500-5000 (phổ biến),4-10
23237,False,120,24,150-500 (vừa),11-30
84988,False,708,50,>5000,>30
22072,False,342,4,500-5000 (phổ biến),4-10
22548,True,285,9,500-5000 (phổ biến),4-10
21791,False,914,74,>5000,>30
21539,True,491,5,500-5000 (phổ biến),4-10
23169,False,219,10,500-5000 (phổ biến),4-10
20685,False,1213,16,>5000,11-30
21210,True,792,23,>5000,11-30
72598,False,111,24,150-500 (vừa),11-30
20726,True,1341,75,>5000,>30
20728,True,1444,9,>5000,4-10
84946,True,1220,6,>5000,4-10
21232,True,1644,69,>5000,>30
82482,True,1389,108,>5000,>30
22733,False,230,14,500-5000 (phổ biến),11-30
23344,True,505,24,>5000,11-30
21479,False,655,21,>5000,11-30
22150,False,664,13,>5000,11-30
22553,False,752,19,>5000,11-30
20724,False,1419,20,>5000,11-30
22731,False,173,28,500-5000 (phổ biến),11-30
23235,False,70,25,150-500 (vừa),11-30
22086,False,1413,36,>5000,>30
85099B,True,2782,7,>5000,4-10
15039,False,220,53,500-5000 (phổ biến),>30
23245,False,593,6,>5000,4-10
21794,False,115,35,150-500 (vừa),>30
22385,True,876,3,>5000,2-3
22699,False,970,67,>5000,>30
22729,True,405,12,500-5000 (phổ biến),11-30
22621,False,619,37,>5000,>30
23403,False,92,30,150-500 (vừa),11-30
23389,True,163,14,500-5000 (phổ biến),11-30
85066,False,617,21,>5000,11-30
22064,False,472,19,500-5000 (phổ biến),11-30
21905,False,170,164,500-5000 (phổ biến),>30
20727,True,1638,46,>5000,>30
22698,True,706,44,>5000,>30
21733,True,1257,5,>5000,4-10
21789,True,158,4,500-5000 (phổ biến),4-10
20984,False,155,50,500-5000 (phổ biến),>30
22086,True,1413,6,>5000,4-10
22960,False,811,31,>5000,>30
23391,False,64,23,150-500 (vừa),11-30
22138,False,1344,24,>5000,11-30
22150,False,664,25,>5000,11-30
22734,False,511,41,>5000,>30
23201,False,617,36,>5000,>30
85123A,True,3809,38,>5000,>30
23189,False,89,7,150-500 (vừa),4-10
22155,True,230,19,500-5000 (phổ biến),11-30
22917,True,171,56,500-5000 (phổ biến),>30
23203,True,867,16,>5000,11-30
48116,True,350,5,500-5000 (phổ biến),4-10
85014A,False,464,58,500-5000 (phổ biến),>30
21641,False,78,4,150-500 (vừa),4-10
23157,False,115,16,150-500 (vừa),11-30
84380,False,776,35,>5000,>30
47567B,False,235,10,500-5000 (phổ biến),4-10
21817,False,89,97,150-500 (vừa),>30
85123A,True,3809,7,>5000,4-10
85123A,True,3809,14,>5000,11-30
23243,True,327,11,500-5000 (phổ biến),11-30
22640,False,61,115,150-500 (vừa),>30
22083,False,990,12,>5000,11-30
71053,False,505,36,>5000,>30
23101,False,143,66,150-500 (vừa),>30
22138,False,1344,5,>5000,4-10
21915,True,710,13,>5000,11-30
23120,True,65,5,150-500 (vừa),4-10
22158,False,497,32,500-5000 (phổ biến),>30
21094,True,712,7,>5000,4-10
23007,False,126,18,150-500 (vừa),11-30
72802B,False,153,14,500-5000 (phổ biến),11-30
21215,False,215,12,500-5000 (phổ biến),11-30
23209,False,757,21,>5000,11-30
22960,True,811,22,>5000,11-30
23334,False,88,6,150-500 (vừa),4-10
22866,True,732,9,>5000,4-10
23426,False,148,4,150-500 (vừa),4-10
23206,False,707,6,>5000,4-10
21080,False,1511,24,>5000,11-30
23207,True,516,11,>5000,11-30
23103,False,250,34,500-5000 (phổ biến),>30
21790,True,1307,5,>5000,4-10
22495,False,156,13,500-5000 (phổ biến),11-30
23356,False,316,14,500-5000 (phổ biến),11-30
22791,False,312,5,500-5000 (phổ biến),4-10
22898,False,330,31,500-5000 (phổ biến),>30
23332,True,194,11,500-5000 (phổ biến),11-30
84032B,False,409,12,500-5000 (phổ biến),11-30
21166,True,1005,22,>5000,11-30
21212,True,2201,17,>5000,11-30
22908,False,326,22,500-5000 (phổ biến),11-30
47504K,False,209,14,500-5000 (phổ biến),11-30
21239,False,525,235,>5000,>30
22161,False,336,194,500-5000 (phổ biến),>30
22560,False,509,20,>5000,11-30
23083,False,170,23,500-5000 (phổ biến),11-30
23320,False,233,20,500-5000 (phổ biến),11-30
22114,True,1099,21,>5000,11-30
23374,False,93,110,150-500 (vừa),>30
23205,False,306,6,500-5000 (phổ biến),4-10
23167,False,161,20,500-5000 (phổ biến),11-30
23395,True,139,11,150-500 (vừa),11-30
21163,False,175,87,500-5000 (phổ biến),>30
82600,False,855,84,>5000,>30
23076,False,199,17,500-5000 (phổ biến),11-30
20981,False,352,52,500-5000 (phổ biến),>30
47566,True,1824,10,>5000,4-10
22602,True,370,7,500-5000 (phổ biến),4-10
21107,False,216,8,500-5000 (phổ biến),4-10
22579,True,393,3,500-5000 (phổ biến),2-3
21673,True,519,18,>5000,11-30
21155,False,661,71,>5000,>30
22556,False,844,37,>5000,>30
23349,True,223,27,500-5000 (phổ biến),11-30
21791,False,914,58,>5000,>30
90200D,False,104,29,150-500 (vừa),11-30
21506,True,462,14,500-5000 (phổ biến),11-30
22563,True,381,9,500-5000 (phổ biến),4-10
22899,False,302,29,500-5000 (phổ biến),11-30
21494,True,345,228,500-5000 (phổ biến),>30
21159,False,178,30,500-5000 (phổ biến),11-30
22669,False,306,22,500-5000 (phổ biến),11-30
23200,True,411,26,500-5000 (phổ biến),11-30
23504,False,156,25,500-5000 (phổ biến),11-30
23370,False,104,19,150-500 (vừa),11-30
23079,False,64,2,150-500 (vừa),2-3
22950,False,234,97,500-5000 (phổ biến),>30
22411,True,1534,30,>5000,11-30
21744,False,151,13,500-5000 (phổ biến),11-30
23356,False,316,21,500-5000 (phổ biến),11-30
22423,False,2730,15,>5000,11-30
48187,False,893,41,>5000,>30
21770,False,457,9,500-5000 (phổ biến),4-10
21210,False,792,26,>5000,11-30
22907,False,558,7,>5000,4-10
82600,True,855,5,>5000,4-10
22307,False,81,6,150-500 (vừa),4-10
21809,True,149,7,150-500 (vừa),4-10
22098,False,217,25,500-5000 (phổ biến),11-30
22610,False,194,14,500-5000 (phổ biến),11-30
22139,False,1435,22,>5000,11-30
23313,False,272,58,500-5000 (phổ biến),>30
22898,False,330,10,500-5000 (phổ biến),4-10
22556,True,844,9,>5000,4-10
22355,False,1196,2,>5000,2-3
21429,False,692,22,>5000,11-30
23208,True,450,18,500-5000 (phổ biến),11-30
22725,False,382,28,500-5000 (phổ biến),11-30
22467,False,750,4,>5000,4-10
85053,False,252,8,500-5000 (phổ biến),4-10
22065,False,316,4,500-5000 (phổ biến),4-10
22090,False,1202,2,>5000,2-3
21933,False,434,24,500-5000 (phổ biến),11-30
21494,True,345,65,500-5000 (phổ biến),>30
22309,False,181,122,500-5000 (phổ biến),>30
22501,False,514,241,>5000,>30
23373,False,72,51,150-500 (vừa),>30
23162,True,130,16,150-500 (vừa),11-30
22755,False,347,33,500-5000 (phổ biến),>30
22112,False,1211,45,>5000,>30
23202,True,604,12,>5000,11-30
22847,False,331,28,500-5000 (phổ biến),11-30
22959,False,195,18,500-5000 (phổ biến),11-30
21818,False,198,82,500-5000 (phổ biến),>30
22467,False,750,43,>5000,>30
21497,False,342,17,500-5000 (phổ biến),11-30
23336,False,61,23,150-500 (vừa),11-30
22188,False,408,32,500-5000 (phổ biến),>30
23202,False,604,14,>5000,11-30
21242,False,469,12,500-5000 (phổ biến),11-30
22049,False,73,12,150-500 (vừa),11-30
20973,False,457,27,500-5000 (phổ biến),11-30
21787,False,337,27,500-5000 (phổ biến),11-30
23077,False,256,13,500-5000 (phổ biến),11-30
22464,False,545,16,>5000,11-30
22189,False,928,48,>5000,>30
23284,False,520,9,>5000,4-10
21823,True,141,6,150-500 (vừa),4-10
22193,False,449,46,500-5000 (phổ biến),>30
23083,True,170,5,500-5000 (phổ biến),4-10
23169,False,219,26,500-5000 (phổ biến),11-30
22961,False,858,16,>5000,11-30
20712,True,984,157,>5000,>30
22191,False,448,17,500-5000 (phổ biến),11-30
22094,False,233,67,500-5000 (phổ biến),>30
84947,False,471,279,500-5000 (phổ biến),>30
21524,False,800,35,>5000,>30
23530,True,64,13,150-500 (vừa),11-30
22772,True,216,12,500-5000 (phổ biến),11-30
22111,False,1180,15,>5000,11-30
23266,True,242,15,500-5000 (phổ biến),11-30
23293,False,369,63,500-5000 (phổ biến),>30
23531,True,85,8,150-500 (vừa),4-10
22142,False,368,70,500-5000 (phổ biến),>30
22909,True,723,24,>5000,11-30
22726,True,879,81,>5000,>30
85099B,True,2782,96,>5000,>30
22945,False,235,4,500-5000 (phổ biến),4-10
21918,False,555,116,>5000,>30
84879,False,1977,32,>5000,>30
22732,False,215,15,500-5000 (phổ biến),11-30
22469,False,1535,45,>5000,>30
21351,False,117,122,150-500 (vừa),>30
85014B,True,620,2,>5000,2-3
22945,False,235,18,500-5000 (phổ biến),11-30
84945,False,470,6,500-5000 (phổ biến),4-10
22050,False,82,18,150-500 (vừa),11-30
22727,True,934,88,>5000,>30
23355,False,544,25,>5000,11-30
20725,False,2130,34,>5000,>30
22766,False,453,11,500-5000 (phổ biến),11-30
35970,False,489,28,500-5000 (phổ biến),11-30
23199,True,676,26,>5000,11-30
23207,True,516,6,>5000,4-10
22910,False,975,15,>5000,11-30
23427,False,78,6,150-500 (vừa),4-10
22492,False,512,3,>5000,2-3
84970S,True,1002,26,>5000,11-30
22699,False,970,27,>5000,11-30
23394,True,102,10,150-500 (vừa),4-10
22727,False,934,19,>5000,11-30
21175,True,1177,8,>5000,4-10
23340,False,102,32,150-500 (vừa),>30
20712,True,984,5,>5000,4-10
22492,False,512,7,>5000,4-10
23192,False,254,164,500-5000 (phổ biến),>30
22773,True,151,6,500-5000 (phổ biến),4-10
21137,False,457,4,500-5000 (phổ biến),4-10
23190,False,139,7,150-500 (vừa),4-10
23172,True,215,9,500-5000 (phổ biến),4-10
23293,True,369,5,500-5000 (phổ biến),4-10
23166,False,178,3,500-5000 (phổ biến),2-3
23322,False,395,16,500-5000 (phổ biến),11-30
22697,True,917,21,>5000,11-30
23434,True,136,7,150-500 (vừa),4-10
72799F,False,71,9,150-500 (vừa),4-10
23296,True,258,21,500-5000 (phổ biến),11-30
22708,False,109,15,150-500 (vừa),11-30
20724,True,1419,10,>5000,4-10
22274,True,454,37,500-5000 (phổ biến),>30
22904,False,333,17,500-5000 (phổ biến),11-30
23263,False,328,8,500-5000 (phổ biến),4-10
22488,False,574,78,>5000,>30
22625,False,666,28,>5000,11-30
85099F,False,1271,56,>5000,>30
22374,False,284,53,500-5000 (phổ biến),>30
22366,True,400,7,500-5000 (phổ biến),4-10
22252,False,77,12,150-500 (vừa),11-30
22742,False,128,53,150-500 (vừa),>30
23230,False,151,29,500-5000 (phổ biến),11-30
84029E,False,794,42,>5000,>30
22899,False,302,11,500-5000 (phổ biến),11-30
23494,False,150,45,150-500 (vừa),>30
23152,False,107,16,150-500 (vừa),11-30
22910,True,975,30,>5000,11-30
22907,False,558,16,>5000,11-30
22625,False,666,9,>5000,4-10
21537,False,167,54,500-5000 (phổ biến),>30
23355,True,544,17,>5000,11-30
23289,True,137,20,150-500 (vừa),11-30
22722,False,603,22,>5000,11-30
21673,False,519,72,>5000,>30
22050,False,82,42,150-500 (vừa),>30
23534,True,177,12,500-5000 (phổ biến),11-30
22972,False,172,29,500-5000 (phổ biến),11-30
22303,True,388,10,500-5000 (phổ biến),4-10
23206,False,707,23,>5000,11-30
85035A,False,124,4,150-500 (vừa),4-10
21903,True,282,17,500-5000 (phổ biến),11-30
21328,True,455,5,500-5000 (phổ biến),4-10
22231,False,220,60,500-5000 (phổ biến),>30
23212,False,132,9,150-500 (vừa),4-10
21914,True,658,19,>5000,11-30
23366,True,146,12,150-500 (vừa),11-30
21191,False,139,10,150-500 (vừa),4-10
84997C,True,669,2,>5000,2-3
48184,False,594,29,>5000,11-30
23168,False,239,7,500-5000 (phổ biến),4-10
23082,False,191,14,500-5000 (phổ biến),11-30
22999,True,154,5,500-5000 (phổ biến),4-10
21428,False,319,38,500-5000 (phổ biến),>30
22596,False,315,6,500-5000 (phổ biến),4-10
23390,True,112,5,150-500 (vừa),4-10
22982,False,138,18,150-500 (vừa),11-30
23396,False,140,261,150-500 (vừa),>30
23321,False,439,32,500-5000 (phổ biến),>30
23510,False,90,21,150-500 (vừa),11-30
20712,True,984,11,>5000,11-30
85123A,True,3809,22,>5000,11-30
84970S,True,1002,3,>5000,2-3
21807,False,113,39,150-500 (vừa),>30
23302,False,159,100,500-5000 (phổ biến),>30
22141,True,406,20,500-5000 (phổ biến),11-30
23203,False,867,29,>5000,11-30
22797,False,100,26,150-500 (vừa),11-30
23351,True,240,21,500-5000 (phổ biến),11-30
23203,True,867,30,>5000,11-30
23321,False,439,18,500-5000 (phổ biến),11-30
23355,False,544,17,>5000,11-30
22192,False,387,26,500-5000 (phổ biến),11-30
22095,False,200,45,500-5000 (phổ biến),>30
21163,False,175,11,500-5000 (phổ biến),11-30
23445,False,71,8,150-500 (vừa),4-10
23209,False,757,15,>5000,11-30
22086,True,1413,50,>5000,>30
23243,False,327,78,500-5000 (phổ biến),>30
84077,False,699,67,>5000,>30
22730,False,513,26,>5000,11-30
23284,False,520,33,>5000,>30
21928,True,1097,2,>5000,2-3
22952,False,771,12,>5000,11-30
21485,True,959,8,>5000,4-10
22705,False,97,13,150-500 (vừa),11-30
23221,False,105,21,150-500 (vừa),11-30
22698,True,706,16,>5000,11-30
84946,True,1220,5,>5000,4-10
23318,False,261,32,500-5000 (phổ biến),>30
22470,True,1390,17,>5000,11-30
22469,False,1535,83,>5000,>30
22910,True,975,63,>5000,>30
22488,False,574,12,>5000,11-30
22112,True,1211,11,>5000,11-30
23199,True,676,28,>5000,11-30
22192,True,387,20,500-5000 (phổ biến),11-30
23193,True,129,20,150-500 (vừa),11-30
22197,False,1654,20,>5000,11-30
22577,True,565,14,>5000,11-30
37495,False,239,27,500-5000 (phổ biến),11-30
22139,False,1435,14,>5000,11-30
23202,False,604,21,>5000,11-30
23318,False,261,53,500-5000 (phổ biến),>30
48138,False,1160,27,>5000,11-30
23321,False,439,43,500-5000 (phổ biến),>30
84510A,False,323,14,500-5000 (phổ biến),11-30
84949,False,463,2,500-5000 (phổ biến),2-3
84029E,False,794,44,>5000,>30
23294,True,241,18,500-5000 (phổ biến),11-30
22694,False,598,7,>5000,4-10
82616B,False,92,55,150-500 (vừa),>30
23530,True,64,7,150-500 (vừa),4-10
21871,False,536,3,>5000,2-3
22363,False,124,15,150-500 (vừa),11-30
22326,False,949,5,>5000,4-10
22652,False,557,120,>5000,>30
84029E,True,794,5,>5000,4-10
21975,True,933,24,>5000,11-30
20724,False,1419,2,>5000,2-3
23344,True,505,4,>5000,4-10
22189,False,928,10,>5000,4-10
22551,True,893,44,>5000,>30
22697,True,917,34,>5000,>30
84832,False,447,16,500-5000 (phổ biến),11-30
23543,False,68,13,150-500 (vừa),11-30
22753,False,278,80,500-5000 (phổ biến),>30
23129,False,124,9,150-500 (vừa),4-10
22567,False,357,7,500-5000 (phổ biến),4-10
23311,False,246,42,500-5000 (phổ biến),>30
21340,False,297,12,500-5000 (phổ biến),11-30
21293,False,64,122,150-500 (vừa),>30
82482,True,1389,8,>5000,4-10
22683,False,147,76,150-500 (vừa),>30
22666,False,1168,51,>5000,>30
82580,False,944,27,>5000,11-30
22481,False,157,29,500-5000 (phổ biến),11-30
17091J,False,125,22,150-500 (vừa),11-30
21876,False,428,66,500-5000 (phổ biến),>30
22771,True,345,7,500-5000 (phổ biến),4-10
23119,False,106,19,150-500 (vừa),11-30
23570,False,201,26,500-5000 (phổ biến),11-30
22731,False,173,15,500-5000 (phổ biến),11-30
23301,True,670,21,>5000,11-30
23110,True,169,20,500-5000 (phổ biến),11-30
22384,True,1504,34,>5000,>30
22992,False,229,37,500-5000 (phổ biến),>30
23582,False,187,21,500-5000 (phổ biến),11-30
79321,False,793,19,>5000,11-30
21790,True,1307,39,>5000,>30
22988,False,300,22,500-5000 (phổ biến),11-30
22176,True,183,5,500-5000 (phổ biến),4-10
21672,False,565,20,>5000,11-30
22909,True,723,26,>5000,11-30
21579,False,78,29,150-500 (vừa),11-30
23089,True,157,2,500-5000 (phổ biến),2-3
22065,False,316,3,500-5000 (phổ biến),2-3
22382,False,1508,15,>5000,11-30
22302,False,281,49,500-5000 (phổ biến),>30
84559A,False,168,3,500-5000 (phổ biến),2-3
23319,True,274,3,500-5000 (phổ biến),2-3
22625,True,666,2,>5000,2-3
23281,False,67,169,150-500 (vừa),>30
23032,True,139,2,150-500 (vừa),2-3
37447,False,236,34,500-5000 (phổ biến),>30
79321,False,793,11,>5000,11-30
22914,False,111,58,150-500 (vừa),>30
21914,True,658,30,>5000,11-30
22726,True,879,18,>5000,11-30
21086,True,609,15,>5000,11-30
23335,False,68,16,150-500 (vừa),11-30
23285,False,128,223,150-500 (vừa),>30
21068,False,268,122,500-5000 (phổ biến),>30
22776,False,472,22,500-5000 (phổ biến),11-30
22620,True,572,7,>5000,4-10
22726,True,879,6,>5000,4-10
20914,False,1415,13,>5000,11-30
22738,True,330,14,500-5000 (phổ biến),11-30
23032,False,139,19,150-500 (vừa),11-30
22962,False,245,49,500-5000 (phổ biến),>30
21833,False,312,14,500-5000 (phổ biến),11-30
23255,False,116,15,150-500 (vừa),11-30
85034C,False,142,22,150-500 (vừa),11-30
22952,False,771,4,>5000,4-10
22847,False,331,115,500-5000 (phổ biến),>30
22809,True,271,13,500-5000 (phổ biến),11-30
22485,False,295,17,500-5000 (phổ biến),11-30
23541,False,106,33,150-500 (vừa),>30
21507,False,430,8,500-5000 (phổ biến),4-10
23165,False,192,30,500-5000 (phổ biến),11-30
21060,True,94,21,150-500 (vừa),11-30
22624,False,823,20,>5000,11-30
23176,False,158,13,500-5000 (phổ biến),11-30
21986,False,342,2,500-5000 (phổ biến),2-3
23213,False,109,33,150-500 (vừa),>30
22065,False,316,6,500-5000 (phổ biến),4-10
21754,False,1456,2,>5000,2-3
22947,False,150,52,150-500 (vừa),>30
20986,False,136,144,150-500 (vừa),>30
23583,False,225,29,500-5000 (phổ biến),11-30
22094,False,233,116,500-5000 (phổ biến),>30
84946,False,1220,12,>5000,11-30
84978,False,1028,17,>5000,11-30
21559,False,846,24,>5000,11-30
23318,False,261,5,500-5000 (phổ biến),4-10
84843,False,71,8,150-500 (vừa),4-10
22597,True,208,14,500-5000 (phổ biến),11-30
22138,False,1344,7,>5000,4-10
85136A,False,74,2,150-500 (vừa),2-3
22759,False,549,13,>5000,11-30
23298,False,797,8,>5000,4-10
22485,False,295,11,500-5000 (phổ biến),11-30
22152,False,177,9,500-5000 (phổ biến),4-10
22112,False,1211,41,>5000,>30
23349,False,223,5,500-5000 (phổ biến),4-10
21034,False,1343,18,>5000,11-30
23083,False,170,8,500-5000 (phổ biến),4-10
21429,False,692,4,>5000,4-10
23445,False,71,9,150-500 (vừa),4-10
85025B,False,66,16,150-500 (vừa),11-30
23571,False,175,22,500-5000 (phổ biến),11-30
23582,True,187,2,500-5000 (phổ biến),2-3
23200,True,411,9,500-5000 (phổ biến),4-10
22964,False,286,62,500-5000 (phổ biến),>30
23570,False,201,17,500-5000 (phổ biến),11-30
21169,False,543,19,>5000,11-30
20725,True,2130,14,>5000,11-30
21891,False,583,3,>5000,2-3
79321,False,793,20,>5000,11-30
22980,True,201,8,500-5000 (phổ biến),4-10
21358,False,145,31,150-500 (vừa),>30
22065,False,316,208,500-5000 (phổ biến),>30
23349,True,223,16,500-5000 (phổ biến),11-30
23204,True,400,68,500-5000 (phổ biến),>30
22152,False,177,54,500-5000 (phổ biến),>30
84006,False,140,33,150-500 (vừa),>30
21931,False,1611,30,>5000,11-30
23101,False,143,18,150-500 (vừa),11-30
22568,False,598,23,>5000,11-30
21500,False,364,16,500-5000 (phổ biến),11-30
22632,False,558,8,>5000,4-10
85123A,False,3809,8,>5000,4-10
22111,False,1180,39,>5000,>30
22112,True,1211,17,>5000,11-30
23480,False,147,30,150-500 (vừa),11-30
22219,False,820,58,>5000,>30
23127,False,132,66,150-500 (vừa),>30
51014A,False,264,49,500-5000 (phổ biến),>30
23582,False,187,55,500-5000 (phổ biến),>30
23301,True,670,43,>5000,>30
22436,False,213,15,500-5000 (phổ biến),11-30
23407,False,99,92,150-500 (vừa),>30
22652,False,557,20,>5000,11-30
23583,True,225,26,500-5000 (phổ biến),11-30
22720,False,995,2,>5000,2-3
22909,True,723,45,>5000,>30
22580,False,348,4,500-5000 (phổ biến),4-10
23541,False,106,11,150-500 (vừa),11-30
22726,False,879,6,>5000,4-10
21258,False,377,2,500-5000 (phổ biến),2-3
20725,False,2130,8,>5000,4-10
23365,False,120,34,150-500 (vừa),>30
16169E,False,113,31,150-500 (vừa),>30
23319,True,274,5,500-5000 (phổ biến),4-10
23356,False,316,28,500-5000 (phổ biến),11-30
21524,False,800,28,>5000,11-30
22465,False,311,21,500-5000 (phổ biến),11-30
22382,False,1508,30,>5000,11-30
23175,True,232,3,500-5000 (phổ biến),2-3
82582,True,567,10,>5000,4-10
84029E,True,794,3,>5000,2-3
21716,False,332,32,500-5000 (phổ biến),>30
85123a,False,72,224,150-500 (vừa),>30
22941,False,342,12,500-5000 (phổ biến),11-30
23132,False,109,22,150-500 (vừa),11-30
84879,False,1977,5,>5000,4-10
23319,False,274,22,500-5000 (phổ biến),11-30
23221,False,105,17,150-500 (vừa),11-30
22620,True,572,4,>5000,4-10
22271,False,551,23,>5000,11-30
21915,True,710,8,>5000,4-10
22326,False,949,70,>5000,>30
21175,False,1177,11,>5000,11-30
23318,True,261,15,500-5000 (phổ biến),11-30
23582,False,187,17,500-5000 (phổ biến),11-30
84347,False,522,22,>5000,11-30
22726,True,879,23,>5000,11-30
15036,False,693,37,>5000,>30
22531,False,278,11,500-5000 (phổ biến),11-30
22086,False,1413,2,>5000,2-3
23220,False,71,5,150-500 (vừa),4-10
22402,False,182,84,500-5000 (phổ biến),>30
22596,False,315,11,500-5000 (phổ biến),11-30
23349,True,223,28,500-5000 (phổ biến),11-30
22820,False,74,68,150-500 (vừa),>30
22279,False,144,30,150-500 (vừa),11-30
22710,False,113,11,150-500 (vừa),11-30
21137,True,457,10,500-5000 (phổ biến),4-10
22178,True,1269,6,>5000,4-10
22947,False,150,44,150-500 (vừa),>30
35970,False,489,28,500-5000 (phổ biến),11-30
22890,False,172,21,500-5000 (phổ biến),11-30
20727,True,1638,32,>5000,>30
23080,False,189,48,500-5000 (phổ biến),>30
23220,False,71,31,150-500 (vừa),>30
21212,True,2201,79,>5000,>30
20771,False,89,59,150-500 (vừa),>30
22610,False,194,52,500-5000 (phổ biến),>30
22197,True,1654,19,>5000,11-30
22220,False,189,10,500-5000 (phổ biến),4-10
22544,False,229,35,500-5000 (phổ biến),>30
22114,False,1099,72,>5000,>30
23154,False,157,19,500-5000 (phổ biến),11-30
21481,False,690,39,>5000,>30
21705,False,155,37,500-5000 (phổ biến),>30
22578,True,532,20,>5000,11-30
23263,True,328,15,500-5000 (phổ biến),11-30
21165,False,686,38,>5000,>30
22696,False,202,86,500-5000 (phổ biến),>30
22155,False,230,51,500-5000 (phổ biến),>30
21804,False,95,5,150-500 (vừa),4-10
23330,False,157,11,500-5000 (phổ biến),11-30
21217,False,628,15,>5000,11-30
22951,False,440,69,500-5000 (phổ biến),>30
21484,False,598,70,>5000,>30
23367,False,197,17,500-5000 (phổ biến),11-30
21385,False,500,96,500-5000 (phổ biến),>30
23343,True,338,24,500-5000 (phổ biến),11-30
23350,True,214,11,500-5000 (phổ biến),11-30
20719,True,1102,37,>5000,>30
21592,False,357,10,500-5000 (phổ biến),4-10
22069,False,190,7,500-5000 (phổ biến),4-10
23489,False,110,27,150-500 (vừa),11-30
23321,False,439,36,500-5000 (phổ biến),>30
20668,False,255,9,500-5000 (phổ biến),4-10
23084,False,680,30,>5000,11-30
21828,False,126,28,150-500 (vừa),11-30
23551,False,89,67,150-500 (vừa),>30
84032A,True,445,70,500-5000 (phổ biến),>30
79066K,False,163,44,500-5000 (phổ biến),>30
23322,False,395,19,500-5000 (phổ biến),11-30
22077,True,1221,11,>5000,11-30
23103,False,250,39,500-5000 (phổ biến),>30
22735,False,146,32,150-500 (vừa),>30
22772,False,216,30,500-5000 (phổ biến),11-30
23207,False,516,99,>5000,>30
20971,False,808,19,>5000,11-30
22469,True,1535,13,>5000,11-30
84509B,False,125,6,150-500 (vừa),4-10
21464,True,155,2,500-5000 (phổ biến),2-3
16156S,False,311,21,500-5000 (phổ biến),11-30
22565,False,191,28,500-5000 (phổ biến),11-30
22633,True,595,14,>5000,11-30
16236,False,189,45,500-5000 (phổ biến),>30
22356,True,1099,14,>5000,11-30
21891,False,583,21,>5000,11-30
23196,False,200,128,500-5000 (phổ biến),>30
23269,True,70,5,150-500 (vừa),4-10
23344,False,505,57,>5000,>30
22487,False,636,13,>5000,11-30
21703,False,389,57,500-5000 (phổ biến),>30
21014,False,131,79,150-500 (vừa),>30
23119,False,106,15,150-500 (vừa),11-30
22094,False,233,7,500-5000 (phổ biến),4-10
21108,False,434,8,500-5000 (phổ biến),4-10
23494,False,150,15,150-500 (vừa),11-30
22378,False,379,24,500-5000 (phổ biến),11-30
22600,False,311,48,500-5000 (phổ biến),>30
23189,False,89,77,150-500 (vừa),>30
22938,False,192,19,500-5000 (phổ biến),11-30
22735,True,146,21,150-500 (vừa),11-30
23570,True,201,2,500-5000 (phổ biến),2-3
22571,False,353,584,500-5000 (phổ biến),>30
15036,False,693,3,>5000,2-3
21137,False,457,16,500-5000 (phổ biến),11-30
22488,False,574,10,>5000,4-10
22902,False,145,31,150-500 (vừa),>30
23129,False,124,7,150-500 (vừa),4-10
21191,False,139,7,150-500 (vừa),4-10
20983,False,457,72,500-5000 (phổ biến),>30
21481,False,690,19,>5000,11-30
23103,False,250,7,500-5000 (phổ biến),4-10
22178,True,1269,23,>5000,11-30
22091,False,225,7,500-5000 (phổ biến),4-10
22624,True,823,6,>5000,4-10
85099B,False,2782,14,>5000,11-30
22910,False,975,13,>5000,11-30
11001,False,165,7,500-5000 (phổ biến),4-10
21121,False,606,36,>5000,>30
23301,False,670,14,>5000,11-30
22621,False,619,9,>5000,4-10
23196,False,200,31,500-5000 (phổ biến),>30
21889,False,777,17,>5000,11-30
23367,False,197,34,500-5000 (phổ biến),>30
23534,False,177,20,500-5000 (phổ biến),11-30
22192,False,387,15,500-5000 (phổ biến),11-30
22138,False,1344,46,>5000,>30
20685,False,1213,16,>5000,11-30
21137,True,457,3,500-5000 (phổ biến),2-3
23204,True,400,14,500-5000 (phổ biến),11-30
23203,False,867,9,>5000,4-10
21703,False,389,43,500-5000 (phổ biến),>30
22338,False,186,59,500-5000 (phổ biến),>30
21812,False,145,10,150-500 (vừa),4-10
21670,False,531,41,>5000,>30
35970,False,489,17,500-5000 (phổ biến),11-30
22302,True,281,4,500-5000 (phổ biến),4-10
22693,False,245,44,500-5000 (phổ biến),>30
21989,True,457,9,500-5000 (phổ biến),4-10
23330,False,157,19,500-5000 (phổ biến),11-30
85049E,True,566,10,>5000,4-10
22112,True,1211,9,>5000,4-10
21931,True,1611,32,>5000,>30
20973,False,457,17,500-5000 (phổ biến),11-30
22464,False,545,3,>5000,2-3
21080,False,1511,26,>5000,11-30
20754,False,576,15,>5000,11-30
22171,False,450,56,500-5000 (phổ biến),>30
23126,False,205,84,500-5000 (phổ biến),>30
22578,False,532,52,>5000,>30
23344,True,505,60,>5000,>30
20749,False,550,22,>5000,11-30
21914,True,658,7,>5000,4-10
22367,False,802,30,>5000,11-30
23300,False,547,39,>5000,>30
22639,False,184,2,500-5000 (phổ biến),2-3
37495,False,239,3,500-5000 (phổ biến),2-3
22865,True,839,7,>5000,4-10
21231,True,1038,21,>5000,11-30
22065,False,316,11,500-5000 (phổ biến),11-30
21680,False,183,15,500-5000 (phổ biến),11-30
20725,True,2130,35,>5000,>30
23323,True,203,4,500-5000 (phổ biến),4-10
85099B,False,2782,11,>5000,11-30
84375,False,554,17,>5000,11-30
20677,False,516,49,>5000,>30
22294,False,596,524,>5000,>30
23096,False,109,71,150-500 (vừa),>30
23369,False,90,53,150-500 (vừa),>30
23378,False,122,57,150-500 (vừa),>30
22080,False,367,8,500-5000 (phổ biến),4-10
22356,True,1099,10,>5000,4-10
23084,False,680,63,>5000,>30
22027,True,577,11,>5000,11-30
21494,True,345,22,500-5000 (phổ biến),11-30
22910,False,975,19,>5000,11-30
22204,False,107,35,150-500 (vừa),>30
22142,True,368,40,500-5000 (phổ biến),>30
21326,False,426,6,500-5000 (phổ biến),4-10
23328,False,283,23,500-5000 (phổ biến),11-30
23307,True,447,4,500-5000 (phổ biến),4-10
22633,False,595,21,>5000,11-30
79321,False,793,16,>5000,11-30
84946,False,1220,48,>5000,>30
23351,False,240,46,500-5000 (phổ biến),>30
21890,True,388,4,500-5000 (phổ biến),4-10
21034,False,1343,19,>5000,11-30
23165,False,192,112,500-5000 (phổ biến),>30
82494L,True,1357,5,>5000,4-10
22197,False,1654,11,>5000,11-30
23360,False,85,14,150-500 (vừa),11-30
22064,True,472,9,500-5000 (phổ biến),4-10
22758,True,220,25,500-5000 (phổ biến),11-30
22158,True,497,3,500-5000 (phổ biến),2-3
22142,False,368,25,500-5000 (phổ biến),11-30
22804,False,473,12,500-5000 (phổ biến),11-30
22112,False,1211,19,>5000,11-30
23203,True,867,31,>5000,>30
22813,False,266,33,500-5000 (phổ biến),>30
23310,False,173,5,500-5000 (phổ biến),4-10
85099B,False,2782,6,>5000,4-10
21621,False,926,60,>5000,>30
84946,False,1220,24,>5000,11-30
22572,False,246,45,500-5000 (phổ biến),>30
17003,False,301,25,500-5000 (phổ biến),11-30
22621,False,619,22,>5000,11-30
22632,False,558,36,>5000,>30
23084,False,680,32,>5000,>30
22955,False,124,37,150-500 (vừa),>30
20728,True,1444,30,>5000,11-30
21062,False,84,73,150-500 (vừa),>30
22411,True,1534,11,>5000,11-30
21485,True,959,9,>5000,4-10
22866,False,732,246,>5000,>30
85227,False,289,23,500-5000 (phổ biến),11-30
22437,False,312,11,500-5000 (phổ biến),11-30
23333,True,161,15,500-5000 (phổ biến),11-30
22142,False,368,68,500-5000 (phổ biến),>30
35471D,False,248,20,500-5000 (phổ biến),11-30
23355,False,544,51,>5000,>30
48184,True,594,8,>5000,4-10
21668,False,573,67,>5000,>30
21975,True,933,60,>5000,>30
85175,False,318,75,500-5000 (phổ biến),>30
23583,False,225,3,500-5000 (phổ biến),2-3
22792,False,179,10,500-5000 (phổ biến),4-10
23275,False,232,3,500-5000 (phổ biến),2-3
22112,True,1211,4,>5000,4-10
23208,False,450,8,500-5000 (phổ biến),4-10
21172,False,670,59,>5000,>30
22795,False,341,43,500-5000 (phổ biến),>30
22633,False,595,28,>5000,11-30
23570,False,201,16,500-5000 (phổ biến),11-30
84947,False,471,15,500-5000 (phổ biến),11-30
22900,False,499,42,500-5000 (phổ biến),>30
23498,True,68,2,150-500 (vừa),2-3
22175,False,246,12,500-5000 (phổ biến),11-30
22464,True,545,12,>5000,11-30
22178,False,1269,19,>5000,11-30
23356,False,316,14,500-5000 (phổ biến),11-30
23371,True,129,14,150-500 (vừa),11-30
23498,True,68,2,150-500 (vừa),2-3
84879,False,1977,14,>5000,11-30
23203,True,867,5,>5000,4-10
22596,False,315,9,500-5000 (phổ biến),4-10
23311,False,246,46,500-5000 (phổ biến),>30
22835,True,715,11,>5000,11-30
22772,False,216,23,500-5000 (phổ biến),11-30
21990,True,329,23,500-5000 (phổ biến),11-30
22910,True,975,49,>5000,>30
22697,True,917,3,>5000,2-3
23344,False,505,27,>5000,11-30
85099C,True,1279,7,>5000,4-10
21108,True,434,4,500-5000 (phổ biến),4-10
23089,False,157,10,500-5000 (phổ biến),4-10
22139,True,1435,2,>5000,2-3
22941,False,342,16,500-5000 (phổ biến),11-30
23302,False,159,21,500-5000 (phổ biến),11-30
22470,False,1390,55,>5000,>30
23493,False,290,5,500-5000 (phổ biến),4-10
82582,True,567,22,>5000,11-30
23344,True,505,26,>5000,11-30
22801,True,205,3,500-5000 (phổ biến),2-3
22728,False,681,176,>5000,>30
22649,False,335,11,500-5000 (phổ biến),11-30
23370,False,104,34,150-500 (vừa),>30
85048,False,358,8,500-5000 (phổ biến),4-10
22602,False,370,67,500-5000 (phổ biến),>30
85194S,False,87,5,150-500 (vừa),4-10
23109,False,192,73,500-5000 (phổ biến),>30
85227,False,289,21,500-5000 (phổ biến),11-30
21174,False,802,24,>5000,11-30
84879,False,1977,14,>5000,11-30
23355,False,544,11,>5000,11-30
20713,True,881,8,>5000,4-10
23552,True,84,14,150-500 (vừa),11-30
23301,True,670,23,>5000,11-30
22300,False,360,22,500-5000 (phổ biến),11-30
22596,False,315,8,500-5000 (phổ biến),4-10
22507,False,629,18,>5000,11-30
21484,True,598,5,>5000,4-10
23301,False,670,5,>5000,4-10
22189,False,928,15,>5000,11-30
22274,True,454,20,500-5000 (phổ biến),11-30
23571,False,175,6,500-5000 (phổ biến),4-10
22867,False,711,14,>5000,11-30
21015,True,121,19,150-500 (vừa),11-30
22632,False,558,10,>5000,4-10
23503,False,240,8,500-5000 (phổ biến),4-10
22727,True,934,68,>5000,>30
23397,False,137,2,150-500 (vừa),2-3
21034,False,1343,2,>5000,2-3
22114,False,1099,79,>5000,>30
22301,True,441,7,500-5000 (phổ biến),4-10
23497,True,140,2,150-500 (vừa),2-3
22798,False,250,47,500-5000 (phổ biến),>30
23084,False,680,4,>5000,4-10
21172,False,670,28,>5000,11-30
21901,True,481,20,500-5000 (phổ biến),11-30
23320,True,233,20,500-5000 (phổ biến),11-30
23300,False,547,4,>5000,4-10
21810,True,251,6,500-5000 (phổ biến),4-10
22411,True,1534,34,>5000,>30
22640,False,61,14,150-500 (vừa),11-30
22197,False,1654,42,>5000,>30
22389,False,73,649,150-500 (vừa),>30
23144,True,189,6,500-5000 (phổ biến),4-10
23235,False,70,18,150-500 (vừa),11-30
22442,False,120,3,150-500 (vừa),2-3
22965,False,183,12,500-5000 (phổ biến),11-30
84536A,False,418,5,500-5000 (phổ biến),4-10
22499,False,538,52,>5000,>30
23100,False,170,70,500-5000 (phổ biến),>30
21731,True,1077,68,>5000,>30
85099B,True,2782,18,>5000,11-30
22150,False,664,6,>5000,4-10
21544,False,337,8,500-5000 (phổ biến),4-10
23274,True,77,12,150-500 (vừa),11-30
23494,False,150,15,150-500 (vừa),11-30
22584,False,414,9,500-5000 (phổ biến),4-10
23202,False,604,13,>5000,11-30
23084,False,680,6,>5000,4-10
20675,False,478,39,500-5000 (phổ biến),>30
22866,True,732,41,>5000,>30
21174,False,802,15,>5000,11-30
84029E,True,794,6,>5000,4-10
22620,True,572,26,>5000,11-30
22037,False,458,35,500-5000 (phổ biến),>30
20727,True,1638,67,>5000,>30
22610,False,194,33,500-5000 (phổ biến),>30
84946,True,1220,3,>5000,2-3
23196,False,200,31,500-5000 (phổ biến),>30
22423,False,2730,4,>5000,4-10
85099B,False,2782,4,>5000,4-10
21167,False,78,5,150-500 (vừa),4-10
23295,True,299,18,500-5000 (phổ biến),11-30
22937,False,111,52,150-500 (vừa),>30
22581,False,269,20,500-5000 (phổ biến),11-30
22694,False,598,4,>5000,4-10
23419,False,62,51,150-500 (vừa),>30
22727,False,934,7,>5000,4-10
21620,False,145,19,150-500 (vừa),11-30
23298,False,797,8,>5000,4-10
84029G,False,691,7,>5000,4-10
23084,False,680,15,>5000,11-30
23250,False,80,2,150-500 (vừa),2-3
22313,False,98,12,150-500 (vừa),11-30
22059,False,314,18,500-5000 (phổ biến),11-30
22585,False,755,674,>5000,>30
22375,False,190,748,500-5000 (phổ biến),>30
23213,True,109,6,150-500 (vừa),4-10
20685,False,1213,3,>5000,2-3
22423,True,2730,2,>5000,2-3
23313,False,272,7,500-5000 (phổ biến),4-10
21479,True,655,2,>5000,2-3
48138,False,1160,9,>5000,4-10
22195,True,564,36,>5000,>30
21506,False,462,21,500-5000 (phổ biến),11-30
22144,False,496,175,500-5000 (phổ biến),>30
23313,False,272,8,500-5000 (phổ biến),4-10
22171,False,450,72,500-5000 (phổ biến),>30
23552,False,84,10,150-500 (vừa),4-10
22909,False,723,10,>5000,4-10
23503,False,240,18,500-5000 (phổ biến),11-30
22371,False,461,6,500-5000 (phổ biến),4-10
22442,False,120,15,150-500 (vừa),11-30
23199,False,676,12,>5000,11-30
21351,False,117,24,150-500 (vừa),11-30
20725,False,2130,2,>5000,2-3
22481,False,157,21,500-5000 (phổ biến),11-30
